	eco	name	fen	moves	pgn
0	E00	Catalan Opening: Hungarian Gambit	rnbqkb1r/pppp1ppp/5n2/4p3/2PP4/6P1/PP2PP1P/RNBQKBNR w KQkq -	d2d4 g8f6 c2c4 e7e6 g2g3 e6e5	1. d2 d4 2. g8 f6 3. c2 c4 4. e7 e6 5. g2 g3 6. e6 e5 
1	E00	Catalan Opening	rnbqkb1r/ppp2ppp/4pn2/3p4/2PP4/6P1/PP2PP1P/RNBQKBNR w KQkq -	d2d4 g8f6 c2c4 e7e6 g2g3 d7d5	1. d2 d4 2. g8 f6 3. c2 c4 4. e7 e6 5. g2 g3 6. d7 d5 
2	E00	Catalan Opening	rnbqkb1r/pppp1ppp/4pn2/8/2PP4/6P1/PP2PP1P/RNBQKBNR b KQkq -	d2d4 g8f6 c2c4 e7e6 g2g3	1. d2 d4 2. g8 f6 3. c2 c4 4. e7 e6 5. g2 g3 
3	E00	Indian Game: Devin Gambit	rnbqkb1r/pppp1ppp/4pn2/8/2PP2P1/8/PP2PP1P/RNBQKBNR b KQkq -	d2d4 g8f6 c2c4 e7e6 g2g4	1. d2 d4 2. g8 f6 3. c2 c4 4. e7 e6 5. g2 g4 
4	E00	Indian Game	rnbqkb1r/pppp1ppp/4pn2/8/2PP4/1Q6/PP2PPPP/RNB1KBNR b KQkq -	d2d4 g8f6 c2c4 e7e6 d1b3	1. d2 d4 2. g8 f6 3. c2 c4 4. e7 e6 5. d1 b3 
5	E00	Indian Game: Seirawan Attack	rnbqkb1r/pppp1ppp/4pn2/6B1/2PP4/8/PP2PPPP/RN1QKBNR b KQkq -	d2d4 g8f6 c2c4 e7e6 c1g5	1. d2 d4 2. g8 f6 3. c2 c4 4. e7 e6 5. c1 g5 
6	E01	Catalan Opening: Closed Variation	rnbqkb1r/ppp2ppp/4pn2/3p4/2PP4/6P1/PP2PPBP/RNBQK1NR b KQkq -	d2d4 g8f6 c2c4 e7e6 g2g3 d7d5 f1g2	1. d2 d4 2. g8 f6 3. c2 c4 4. e7 e6 5. g2 g3 6. d7 d5 7. f1 g2 
7	E01	Catalan Opening: Open Defense, Tarrasch Defense	r1bqkb1r/pp3ppp/2n1pn2/2pp4/2PP4/5NP1/PP2PPBP/RNBQK2R w KQkq -	d2d4 g8f6 c2c4 e7e6 g2g3 d7d5 f1g2 c7c5 g1f3 b8c6	1. d2 d4 2. g8 f6 3. c2 c4 4. e7 e6 5. g2 g3 6. d7 d5 7. f1 g2 8. c7 c5 9. g1 f3 10. b8 c6 
8	E02	Catalan Opening: Open Defense	rnbqkb1r/ppp2ppp/4pn2/8/Q1pP4/6P1/PP2PPBP/RNB1K1NR b KQkq -	d2d4 g8f6 c2c4 e7e6 g2g3 d7d5 f1g2 d5c4 d1a4	1. d2 d4 2. g8 f6 3. c2 c4 4. e7 e6 5. g2 g3 6. d7 d5 7. f1 g2 8. d5 c4 9. d1 a4 
9	E03	Catalan Opening: Open Defense, Alekhine Variation	r1bqkb1r/1ppn1ppp/p3pn2/8/3P4/6P1/PPQ1PPBP/RNB1K1NR b KQkq -	d2d4 g8f6 c2c4 e7e6 g2g3 d7d5 f1g2 d5c4 d1a4 b8d7 a4c4 a7a6 c4c2	1. d2 d4 2. g8 f6 3. c2 c4 4. e7 e6 5. g2 g3 6. d7 d5 7. f1 g2 8. d5 c4 9. d1 a4 10. b8 d7 11. a4 c4 12. a7 a6 13. c4 c2 
10	E03	Catalan Opening: Open Defense	r1bqkb1r/pppn1ppp/4pn2/8/2QP4/6P1/PP2PPBP/RNB1K1NR b KQkq -	d2d4 g8f6 c2c4 e7e6 g2g3 d7d5 f1g2 d5c4 d1a4 b8d7 a4c4	1. d2 d4 2. g8 f6 3. c2 c4 4. e7 e6 5. g2 g3 6. d7 d5 7. f1 g2 8. d5 c4 9. d1 a4 10. b8 d7 11. a4 c4 
11	E04	Catalan Opening: Open Defense, Modern Sharp Variation	r1bqk2r/ppp2ppp/2n1pn2/8/QbpP4/5NP1/PP2PPBP/RNB1K2R w KQkq -	d2d4 g8f6 c2c4 e7e6 g2g3 d7d5 f1g2 d5c4 g1f3 b8c6 d1a4 f8b4	1. d2 d4 2. g8 f6 3. c2 c4 4. e7 e6 5. g2 g3 6. d7 d5 7. f1 g2 8. d5 c4 9. g1 f3 10. b8 c6 11. d1 a4 12. f8 b4 
12	E04	Catalan Opening: Open Defense	rnbqkb1r/ppp2ppp/4pn2/8/2pP4/5NP1/PP2PPBP/RNBQK2R b KQkq -	d2d4 g8f6 c2c4 e7e6 g2g3 d7d5 f1g2 d5c4 g1f3	1. d2 d4 2. g8 f6 3. c2 c4 4. e7 e6 5. g2 g3 6. d7 d5 7. f1 g2 8. d5 c4 9. g1 f3 
13	E05	Catalan Opening: Open Defense, Classical Line	rnbqk2r/ppp1bppp/4pn2/8/2pP4/5NP1/PP2PPBP/RNBQK2R w KQkq -	d2d4 g8f6 c2c4 e7e6 g2g3 d7d5 f1g2 d5c4 g1f3 f8e7	1. d2 d4 2. g8 f6 3. c2 c4 4. e7 e6 5. g2 g3 6. d7 d5 7. f1 g2 8. d5 c4 9. g1 f3 10. f8 e7 
14	E06	Catalan Opening: Closed Variation	rnbqk2r/ppp1bppp/4pn2/3p4/2PP4/5NP1/PP2PPBP/RNBQK2R b KQkq -	d2d4 g8f6 c2c4 e7e6 g2g3 d7d5 f1g2 f8e7 g1f3	1. d2 d4 2. g8 f6 3. c2 c4 4. e7 e6 5. g2 g3 6. d7 d5 7. f1 g2 8. f8 e7 9. g1 f3 
15	E07	Catalan Opening: Closed Variation, Botvinnik Variation	r1bq1rk1/pp1nbppp/2p1pn2/3p4/2PP4/2NQ1NP1/PP2PPBP/R1B2RK1 b - -	c2c4 e7e6 g2g3 d7d5 f1g2 g8f6 g1f3 f8e7 d2d4 e8g8 b1c3 c7c6 e1g1 b8d7 d1d3	1. c2 c4 2. e7 e6 3. g2 g3 4. d7 d5 5. f1 g2 6. g8 f6 7. g1 f3 8. f8 e7 9. d2 d4 10. e8 g8 11. b1 c3 12. c7 c6 13. e1 g1 14. b8 d7 15. d1 d3 
16	E07	Catalan Opening: Closed Variation	r1bq1rk1/pppnbppp/4pn2/3p4/2PP4/5NP1/PP2PPBP/RNBQ1RK1 w - -	d2d4 g8f6 c2c4 e7e6 g2g3 d7d5 f1g2 f8e7 g1f3 e8g8 e1g1 b8d7	1. d2 d4 2. g8 f6 3. c2 c4 4. e7 e6 5. g2 g3 6. d7 d5 7. f1 g2 8. f8 e7 9. g1 f3 10. e8 g8 11. e1 g1 12. b8 d7 
17	E08	Catalan Opening: Closed	r1bq1rk1/pp1nbppp/2p1pn2/3p4/2PP4/1P3NP1/P1Q1PPBP/RNB2RK1 b - -	d2d4 g8f6 c2c4 e7e6 g2g3 d7d5 f1g2 f8e7 g1f3 e8g8 e1g1 b8d7 d1c2 c7c6 b2b3	1. d2 d4 2. g8 f6 3. c2 c4 4. e7 e6 5. g2 g3 6. d7 d5 7. f1 g2 8. f8 e7 9. g1 f3 10. e8 g8 11. e1 g1 12. b8 d7 13. d1 c2 14. c7 c6 15. b2 b3 
18	E08	Catalan Opening: Closed, Spassky Gambit	r2q1rk1/pb1nbppp/2p1pn2/1p1p4/2PP4/1PN2NP1/P1Q1PPBP/R1BR2K1 w - -	d2d4 g8f6 c2c4 e7e6 g2g3 f8e7 f1g2 d7d5 g1f3 e8g8 e1g1 b8d7 d1c2 c7c6 b2b3 b7b6 f1d1 c8b7 b1c3 b6b5	1. d2 d4 2. g8 f6 3. c2 c4 4. e7 e6 5. g2 g3 6. f8 e7 7. f1 g2 8. d7 d5 9. g1 f3 10. e8 g8 11. e1 g1 12. b8 d7 13. d1 c2 14. c7 c6 15. b2 b3 16. b7 b6 17. f1 d1 18. c8 b7 19. b1 c3 20. b6 b5 
19	E08	Catalan Opening: Closed Variation	r1bq1rk1/pppnbppp/4pn2/3p4/2PP4/5NP1/PPQ1PPBP/RNB2RK1 b - -	g1f3 g8f6 c2c4 e7e6 g2g3 d7d5 f1g2 f8e7 e1g1 e8g8 d2d4 b8d7 d1c2	1. g1 f3 2. g8 f6 3. c2 c4 4. e7 e6 5. g2 g3 6. d7 d5 7. f1 g2 8. f8 e7 9. e1 g1 10. e8 g8 11. d2 d4 12. b8 d7 13. d1 c2 
20	E08	Catalan Opening: Closed, Zagoryansky Variation	r1bq1rk1/p2nbppp/1pp1pn2/3p4/P1PP4/5NP1/1PQ1PPBP/RNBR2K1 b - -	d2d4 e7e6 c2c4 g8f6 g1f3 d7d5 g2g3 f8e7 f1g2 e8g8 e1g1 b8d7 d1c2 c7c6 f1d1 b7b6 a2a4	1. d2 d4 2. e7 e6 3. c2 c4 4. g8 f6 5. g1 f3 6. d7 d5 7. g2 g3 8. f8 e7 9. f1 g2 10. e8 g8 11. e1 g1 12. b8 d7 13. d1 c2 14. c7 c6 15. f1 d1 16. b7 b6 17. a2 a4 
21	E09	Catalan Opening: Closed, Main Line	r1bq1rk1/pp1nbppp/2p1pn2/3p4/2PP4/5NP1/PPQNPPBP/R1B2RK1 b - -	d2d4 g8f6 c2c4 e7e6 g1f3 d7d5 g2g3 f8e7 f1g2 e8g8 e1g1 b8d7 d1c2 c7c6 b1d2	1. d2 d4 2. g8 f6 3. c2 c4 4. e7 e6 5. g1 f3 6. d7 d5 7. g2 g3 8. f8 e7 9. f1 g2 10. e8 g8 11. e1 g1 12. b8 d7 13. d1 c2 14. c7 c6 15. b1 d2 
22	E09	Catalan Opening: Closed, Sokolsky Variation	r2q1rk1/3nbppp/bpp1pn2/p2p4/2PP4/1P3NP1/PBQNPPBP/R4RK1 w - -	d2d4 g8f6 c2c4 e7e6 g2g3 d7d5 f1g2 f8e7 g1f3 e8g8 e1g1 b8d7 d1c2 c7c6 b1d2 b7b6 b2b3 a7a5 c1b2 c8a6	1. d2 d4 2. g8 f6 3. c2 c4 4. e7 e6 5. g2 g3 6. d7 d5 7. f1 g2 8. f8 e7 9. g1 f3 10. e8 g8 11. e1 g1 12. b8 d7 13. d1 c2 14. c7 c6 15. b1 d2 16. b7 b6 17. b2 b3 18. a7 a5 19. c1 b2 20. c8 a6 
23	E09	Catalan Opening: Closed Variation, Rabinovich Variation	r1bq1rk1/p2nbppp/2p1pn2/1p1p4/2PP4/5NP1/PPQNPPBP/R1B2RK1 w - -	d2d4 d7d5 c2c4 c7c6 g1f3 g8f6 d1c2 e7e6 b1d2 f8e7 g2g3 b8d7 f1g2 e8g8 e1g1 b7b5	1. d2 d4 2. d7 d5 3. c2 c4 4. c7 c6 5. g1 f3 6. g8 f6 7. d1 c2 8. e7 e6 9. b1 d2 10. f8 e7 11. g2 g3 12. b8 d7 13. f1 g2 14. e8 g8 15. e1 g1 16. b7 b5 
24	E09	Catalan Opening: Closed Variation, Traditional Variation	r1bq1rk1/p2nbppp/1pp1pn2/3p4/2PP4/5NP1/PPQNPPBP/R1B2RK1 w - -	d2d4 g8f6 c2c4 e7e6 g1f3 d7d5 g2g3 f8e7 f1g2 e8g8 e1g1 b8d7 d1c2 c7c6 b1d2 b7b6	1. d2 d4 2. g8 f6 3. c2 c4 4. e7 e6 5. g1 f3 6. d7 d5 7. g2 g3 8. f8 e7 9. f1 g2 10. e8 g8 11. e1 g1 12. b8 d7 13. d1 c2 14. c7 c6 15. b1 d2 16. b7 b6 
25	E10	Blumenfeld Countergambit Accepted	rnbqkb1r/p5pp/4pn2/1Ppp4/8/5N2/PP2PPPP/RNBQKB1R w KQkq -	d2d4 g8f6 c2c4 e7e6 g1f3 c7c5 d4d5 b7b5 d5e6 f7e6 c4b5 d7d5	1. d2 d4 2. g8 f6 3. c2 c4 4. e7 e6 5. g1 f3 6. c7 c5 7. d4 d5 8. b7 b5 9. d5 e6 10. f7 e6 11. c4 b5 12. d7 d5 
26	E10	Blumenfeld Countergambit: Dus-Khotimirsky Variation	rnbqkb1r/p2p1ppp/4pn2/1ppP2B1/2P5/5N2/PP2PPPP/RN1QKB1R b KQkq -	d2d4 g8f6 c2c4 e7e6 g1f3 c7c5 d4d5 b7b5 c1g5	1. d2 d4 2. g8 f6 3. c2 c4 4. e7 e6 5. g1 f3 6. c7 c5 7. d4 d5 8. b7 b5 9. c1 g5 
27	E10	Blumenfeld Countergambit	rnbqkb1r/p2p1ppp/4pn2/1ppP4/2P5/5N2/PP2PPPP/RNBQKB1R w KQkq -	d2d4 g8f6 c2c4 e7e6 g1f3 c7c5 d4d5 b7b5	1. d2 d4 2. g8 f6 3. c2 c4 4. e7 e6 5. g1 f3 6. c7 c5 7. d4 d5 8. b7 b5 
28	E10	Blumenfeld Countergambit	rnbqkb1r/pp1p1ppp/4pn2/2p5/2PP4/5N2/PP2PPPP/RNBQKB1R w KQkq -	d2d4 g8f6 c2c4 e7e6 g1f3 c7c5	1. d2 d4 2. g8 f6 3. c2 c4 4. e7 e6 5. g1 f3 6. c7 c5 
29	E10	Blumenfeld Countergambit: Spielmann Variation	rnbqkb1r/p2p1pp1/5n1p/1ppP2B1/8/5N2/PP2PPPP/RN1QKB1R w KQkq -	d2d4 g8f6 g1f3 e7e6 c2c4 c7c5 d4d5 b7b5 c1g5 e6d5 c4d5 h7h6	1. d2 d4 2. g8 f6 3. g1 f3 4. e7 e6 5. c2 c4 6. c7 c5 7. d4 d5 8. b7 b5 9. c1 g5 10. e6 d5 11. c4 d5 12. h7 h6 
30	E10	Indian Game: Anti-Nimzo-Indian	rnbqkb1r/pppp1ppp/4pn2/8/2PP4/5N2/PP2PPPP/RNBQKB1R b KQkq -	d2d4 g8f6 c2c4 e7e6 g1f3	1. d2 d4 2. g8 f6 3. c2 c4 4. e7 e6 5. g1 f3 
31	E10	Indian Game: Döry Indian	rnbqkb1r/pppp1ppp/4p3/8/2PPn3/5N2/PP2PPPP/RNBQKB1R w KQkq -	d2d4 g8f6 c2c4 e7e6 g1f3 f6e4	1. d2 d4 2. g8 f6 3. c2 c4 4. e7 e6 5. g1 f3 6. f6 e4 
32	E10	Indian Game: Dzindzi-Indian Defense	rnbqkb1r/1ppp1ppp/p3pn2/8/2PP4/5N2/PP2PPPP/RNBQKB1R w KQkq -	d2d4 g8f6 c2c4 e7e6 g1f3 a7a6	1. d2 d4 2. g8 f6 3. c2 c4 4. e7 e6 5. g1 f3 6. a7 a6 
33	E10	Tarrasch Defense: Symmetrical Variation	r1bqkb1r/pp3ppp/2n1pn2/2pp4/2PP4/2N1PN2/PP3PPP/R1BQKB1R w KQkq -	d2d4 g8f6 c2c4 e7e6 g1f3 c7c5 e2e3 d7d5 b1c3 b8c6	1. d2 d4 2. g8 f6 3. c2 c4 4. e7 e6 5. g1 f3 6. c7 c5 7. e2 e3 8. d7 d5 9. b1 c3 10. b8 c6 
34	E11	Bogo-Indian Defense: Exchange Variation	rnbqk2r/pppp1ppp/4pn2/8/2PP4/5N2/PP1bPPPP/RN1QKB1R w KQkq -	d2d4 g8f6 c2c4 e7e6 g1f3 f8b4 c1d2 b4d2	1. d2 d4 2. g8 f6 3. c2 c4 4. e7 e6 5. g1 f3 6. f8 b4 7. c1 d2 8. b4 d2 
35	E11	Bogo-Indian Defense: Grünfeld Variation	rnbqk2r/pppp1ppp/4pn2/8/1bPP4/5N2/PP1NPPPP/R1BQKB1R b KQkq -	d2d4 g8f6 c2c4 e7e6 g1f3 f8b4 b1d2	1. d2 d4 2. g8 f6 3. c2 c4 4. e7 e6 5. g1 f3 6. f8 b4 7. b1 d2 
36	E11	Bogo-Indian Defense: Haiti Variation	r1bqk2r/pppp1ppp/2n1pn2/8/1bPP4/5N2/PP1BPPPP/RN1QKB1R w KQkq -	d2d4 g8f6 c2c4 e7e6 g1f3 f8b4 c1d2 b8c6	1. d2 d4 2. g8 f6 3. c2 c4 4. e7 e6 5. g1 f3 6. f8 b4 7. c1 d2 8. b8 c6 
37	E11	Bogo-Indian Defense: Monticelli Trap	rn1q1rk1/pbpp1ppp/1p2p3/6N1/2PP4/2n3P1/PPQ1PPBP/R3K2R b KQ -	d2d4 g8f6 c2c4 e7e6 g1f3 b7b6 g2g3 c8b7 f1g2 f8b4 c1d2 b4d2 d1d2 e8g8 b1c3 f6e4 d2c2 e4c3 f3g5	1. d2 d4 2. g8 f6 3. c2 c4 4. e7 e6 5. g1 f3 6. b7 b6 7. g2 g3 8. c8 b7 9. f1 g2 10. f8 b4 11. c1 d2 12. b4 d2 13. d1 d2 14. e8 g8 15. b1 c3 16. f6 e4 17. d2 c2 18. e4 c3 19. f3 g5 
38	E11	Bogo-Indian Defense: New England Variation	rnbqk2r/pppp1ppp/4pn2/8/1bPP4/8/PP1NPPPP/RNBQKB1R b KQkq -	d2d4 g8f6 c2c4 e7e6 g1f3 f8b4 f3d2	1. d2 d4 2. g8 f6 3. c2 c4 4. e7 e6 5. g1 f3 6. f8 b4 7. f3 d2 
39	E11	Bogo-Indian Defense: Nimzowitsch Variation	rnb1k2r/ppppqppp/4pn2/8/1bPP4/5N2/PP1BPPPP/RN1QKB1R w KQkq -	d2d4 g8f6 c2c4 e7e6 g1f3 f8b4 c1d2 d8e7	1. d2 d4 2. g8 f6 3. c2 c4 4. e7 e6 5. g1 f3 6. f8 b4 7. c1 d2 8. d8 e7 
40	E11	Bogo-Indian Defense: Retreat Variation	rnbqk2r/ppppbppp/4pn2/8/2PP4/5N2/PP1BPPPP/RN1QKB1R w KQkq -	d2d4 g8f6 c2c4 e7e6 g1f3 f8b4 c1d2 b4e7	1. d2 d4 2. g8 f6 3. c2 c4 4. e7 e6 5. g1 f3 6. f8 b4 7. c1 d2 8. b4 e7 
41	E11	Bogo-Indian Defense	rnbqk2r/pppp1ppp/4pn2/8/1bPP4/5N2/PP2PPPP/RNBQKB1R w KQkq -	d2d4 g8f6 c2c4 e7e6 g1f3 f8b4	1. d2 d4 2. g8 f6 3. c2 c4 4. e7 e6 5. g1 f3 6. f8 b4 
42	E11	Bogo-Indian Defense: Vitolins Variation	rnbqk2r/pp1p1ppp/4pn2/2p5/1bPP4/5N2/PP1BPPPP/RN1QKB1R w KQkq -	d2d4 g8f6 c2c4 e7e6 g1f3 f8b4 c1d2 c7c5	1. d2 d4 2. g8 f6 3. c2 c4 4. e7 e6 5. g1 f3 6. f8 b4 7. c1 d2 8. c7 c5 
43	E11	Bogo-Indian Defense: Wade-Smyslov Variation	rnbqk2r/1ppp1ppp/4pn2/p7/1bPP4/5N2/PP1BPPPP/RN1QKB1R w KQkq -	d2d4 g8f6 c2c4 e7e6 g1f3 f8b4 c1d2 a7a5	1. d2 d4 2. g8 f6 3. c2 c4 4. e7 e6 5. g1 f3 6. f8 b4 7. c1 d2 8. a7 a5 
44	E12	Nimzo-Indian Defense: Three Knights Variation, Duchamp Variation, Modern Line	rn1qk2r/pbpp1ppp/1p2pn2/6B1/1bPP4/2N5/PP1NPPPP/R2QKB1R b KQkq -	d2d4 g8f6 c2c4 e7e6 g1f3 b7b6 b1c3 f8b4 c1g5 c8b7 f3d2	1. d2 d4 2. g8 f6 3. c2 c4 4. e7 e6 5. g1 f3 6. b7 b6 7. b1 c3 8. f8 b4 9. c1 g5 10. c8 b7 11. f3 d2 
45	E12	Nimzo-Indian Defense: Three Knights Variation, Duchamp Variation	rnbqk2r/p1pp1ppp/1p2pn2/8/1bPP4/2N2N2/PP2PPPP/R1BQKB1R w KQkq -	d2d4 g8f6 c2c4 e7e6 g1f3 b7b6 b1c3 f8b4	1. d2 d4 2. g8 f6 3. c2 c4 4. e7 e6 5. g1 f3 6. b7 b6 7. b1 c3 8. f8 b4 
46	E12	Queen's Indian Defense: Kasparov-Petrosian Variation, Andersson Variation	rn1qkb1r/pbpp1ppp/1p2p3/8/2PPn3/P1N2N2/1P2PPPP/R1BQKB1R w KQkq -	d2d4 g8f6 c2c4 e7e6 g1f3 b7b6 a2a3 c8b7 b1c3 f6e4	1. d2 d4 2. g8 f6 3. c2 c4 4. e7 e6 5. g1 f3 6. b7 b6 7. a2 a3 8. c8 b7 9. b1 c3 10. f6 e4 
47	E12	Queen's Indian Defense: Kasparov-Petrosian Variation, Classical Variation	rn1qkb1r/pbp2ppp/1p3n2/3p4/3P4/P1N2N2/1P2PPPP/R1BQKB1R w KQkq -	d2d4 g8f6 c2c4 e7e6 g1f3 b7b6 a2a3 c8b7 b1c3 d7d5 c4d5 e6d5	1. d2 d4 2. g8 f6 3. c2 c4 4. e7 e6 5. g1 f3 6. b7 b6 7. a2 a3 8. c8 b7 9. b1 c3 10. d7 d5 11. c4 d5 12. e6 d5 
48	E12	Queen's Indian Defense: Kasparov-Petrosian Variation, Hedgehog Variation	rn1qkb1r/pbpp1p1p/1p2pnp1/8/2PP4/P1N2N2/1P2PPPP/R1BQKB1R w KQkq -	d2d4 g8f6 c2c4 e7e6 g1f3 b7b6 a2a3 c8b7 b1c3 g7g6	1. d2 d4 2. g8 f6 3. c2 c4 4. e7 e6 5. g1 f3 6. b7 b6 7. a2 a3 8. c8 b7 9. b1 c3 10. g7 g6 
49	E12	Queen's Indian Defense: Kasparov-Petrosian Variation, Kasparov Attack	rn1qkb1r/pbp2ppp/1p2p3/3n4/3P4/P1N2N2/1PQ1PPPP/R1B1KB1R b KQkq -	d2d4 g8f6 c2c4 e7e6 g1f3 b7b6 a2a3 c8b7 b1c3 d7d5 c4d5 f6d5 d1c2	1. d2 d4 2. g8 f6 3. c2 c4 4. e7 e6 5. g1 f3 6. b7 b6 7. a2 a3 8. c8 b7 9. b1 c3 10. d7 d5 11. c4 d5 12. f6 d5 13. d1 c2 
50	E12	Queen's Indian Defense: Kasparov-Petrosian Variation, Main Line	rn1qkb1r/pbp2ppp/1p2pn2/3p4/2PP4/P1N2N2/1P2PPPP/R1BQKB1R w KQkq -	d2d4 g8f6 c2c4 e7e6 g1f3 b7b6 a2a3 c8b7 b1c3 d7d5	1. d2 d4 2. g8 f6 3. c2 c4 4. e7 e6 5. g1 f3 6. b7 b6 7. a2 a3 8. c8 b7 9. b1 c3 10. d7 d5 
51	E12	Queen's Indian Defense: Kasparov-Petrosian Variation, Marco Defense	rn1qk2r/pbppbppp/1p2pn2/8/2PP4/P1N2N2/1P2PPPP/R1BQKB1R w KQkq -	d2d4 g8f6 c2c4 e7e6 g1f3 b7b6 a2a3 c8b7 b1c3 f8e7	1. d2 d4 2. g8 f6 3. c2 c4 4. e7 e6 5. g1 f3 6. b7 b6 7. a2 a3 8. c8 b7 9. b1 c3 10. f8 e7 
52	E12	Queen's Indian Defense: Kasparov-Petrosian Variation, Modern Variation	rn1qkb1r/pbp2ppp/1p2p3/3n4/3P4/P1N2N2/1P2PPPP/R1BQKB1R w KQkq -	d2d4 g8f6 c2c4 e7e6 g1f3 b7b6 a2a3 c8b7 b1c3 d7d5 c4d5 f6d5	1. d2 d4 2. g8 f6 3. c2 c4 4. e7 e6 5. g1 f3 6. b7 b6 7. a2 a3 8. c8 b7 9. b1 c3 10. d7 d5 11. c4 d5 12. f6 d5 
53	E12	Queen's Indian Defense: Kasparov-Petrosian Variation, Petrosian Attack	rn1qkb1r/pbp2ppp/1p2p3/3n4/3P4/P1N1PN2/1P3PPP/R1BQKB1R b KQkq -	d2d4 g8f6 c2c4 e7e6 g1f3 b7b6 a2a3 c8b7 b1c3 d7d5 c4d5 f6d5 e2e3	1. d2 d4 2. g8 f6 3. c2 c4 4. e7 e6 5. g1 f3 6. b7 b6 7. a2 a3 8. c8 b7 9. b1 c3 10. d7 d5 11. c4 d5 12. f6 d5 13. e2 e3 
54	E12	Queen's Indian Defense: Kasparov-Petrosian Variation, Polovodin Gambit	rn1qkb1r/pbp2ppp/1p2p3/3n4/3PP3/P1N2N2/1P3PPP/R1BQKB1R b KQkq -	d2d4 g8f6 c2c4 e7e6 g1f3 b7b6 b1c3 c8b7 a2a3 d7d5 c4d5 f6d5 e2e4	1. d2 d4 2. g8 f6 3. c2 c4 4. e7 e6 5. g1 f3 6. b7 b6 7. b1 c3 8. c8 b7 9. a2 a3 10. d7 d5 11. c4 d5 12. f6 d5 13. e2 e4 
55	E12	Queen's Indian Defense: Kasparov-Petrosian Variation, Rashkovsky Attack	rn1qkb1r/pbp2ppp/1p2p3/3n4/Q2P4/P1N2N2/1P2PPPP/R1B1KB1R b KQkq -	d2d4 g8f6 c2c4 e7e6 g1f3 b7b6 a2a3 c8b7 b1c3 d7d5 c4d5 f6d5 d1a4	1. d2 d4 2. g8 f6 3. c2 c4 4. e7 e6 5. g1 f3 6. b7 b6 7. a2 a3 8. c8 b7 9. b1 c3 10. d7 d5 11. c4 d5 12. f6 d5 13. d1 a4 
56	E12	Queen's Indian Defense: Kasparov-Petrosian Variation	rn1qkb1r/pbpp1ppp/1p2pn2/8/2PP4/P1N2N2/1P2PPPP/R1BQKB1R b KQkq -	d2d4 g8f6 c2c4 e7e6 g1f3 b7b6 a2a3 c8b7 b1c3	1. d2 d4 2. g8 f6 3. c2 c4 4. e7 e6 5. g1 f3 6. b7 b6 7. a2 a3 8. c8 b7 9. b1 c3 
57	E12	Queen's Indian Defense: Kasparov-Petrosian Variation, Romanishin Attack	rn1qkb1r/pbp2ppp/1p2p3/3n4/3P4/P1N2N2/1P1BPPPP/R2QKB1R b KQkq -	d2d4 g8f6 c2c4 e7e6 g1f3 b7b6 a2a3 c8b7 b1c3 d7d5 c4d5 f6d5 c1d2	1. d2 d4 2. g8 f6 3. c2 c4 4. e7 e6 5. g1 f3 6. b7 b6 7. a2 a3 8. c8 b7 9. b1 c3 10. d7 d5 11. c4 d5 12. f6 d5 13. c1 d2 
58	E12	Queen's Indian Defense: Kasparov Variation, Botvinnik Attack	rn1qkb1r/pbpp1p2/1p2p2p/6pn/2PP4/2N2NB1/PP2PPPP/R2QKB1R w KQkq -	d2d4 g8f6 c2c4 e7e6 g1f3 b7b6 b1c3 c8b7 c1g5 h7h6 g5h4 g7g5 h4g3 f6h5	1. d2 d4 2. g8 f6 3. c2 c4 4. e7 e6 5. g1 f3 6. b7 b6 7. b1 c3 8. c8 b7 9. c1 g5 10. h7 h6 11. g5 h4 12. g7 g5 13. h4 g3 14. f6 h5 
59	E12	Queen's Indian Defense: Kasparov Variation	rnbqkb1r/p1pp1ppp/1p2pn2/8/2PP4/2N2N2/PP2PPPP/R1BQKB1R b KQkq -	d2d4 g8f6 c2c4 e7e6 g1f3 b7b6 b1c3	1. d2 d4 2. g8 f6 3. c2 c4 4. e7 e6 5. g1 f3 6. b7 b6 7. b1 c3 
60	E12	Queen's Indian Defense: Miles Variation	rnbqkb1r/p1pp1ppp/1p2pn2/8/2PP1B2/5N2/PP2PPPP/RN1QKB1R b KQkq -	d2d4 g8f6 c2c4 e7e6 g1f3 b7b6 c1f4	1. d2 d4 2. g8 f6 3. c2 c4 4. e7 e6 5. g1 f3 6. b7 b6 7. c1 f4 
61	E12	Queen's Indian Defense: Petrosian Variation, Farago Defense	rn1qkb1r/pbpp1ppp/1p2pn2/8/2PP4/P4N2/1PQ1PPPP/RNB1KB1R w KQkq -	d2d4 g8f6 c2c4 e7e6 g1f3 b7b6 a2a3 c8a6 d1c2 a6b7	1. d2 d4 2. g8 f6 3. c2 c4 4. e7 e6 5. g1 f3 6. b7 b6 7. a2 a3 8. c8 a6 9. d1 c2 10. a6 b7 
62	E12	Queen's Indian Defense: Petrosian Variation	rnbqkb1r/p1pp1ppp/1p2pn2/8/2PP4/P4N2/1P2PPPP/RNBQKB1R b KQkq -	d2d4 g8f6 c2c4 e7e6 g1f3 b7b6 a2a3	1. d2 d4 2. g8 f6 3. c2 c4 4. e7 e6 5. g1 f3 6. b7 b6 7. a2 a3 
63	E12	Queen's Indian Defense	rnbqkb1r/p1pp1ppp/1p2pn2/8/2PP4/5N2/PP2PPPP/RNBQKB1R w KQkq -	d2d4 g8f6 c2c4 e7e6 g1f3 b7b6	1. d2 d4 2. g8 f6 3. c2 c4 4. e7 e6 5. g1 f3 6. b7 b6 
64	E13	Queen's Indian Defense: Kasparov Variation	rn1qk2r/pbpp1pp1/1p2pn1p/8/1bPP3B/2N2N2/PP2PPPP/R2QKB1R w KQkq -	d2d4 g8f6 c2c4 e7e6 g1f3 b7b6 b1c3 f8b4 c1g5 h7h6 g5h4 c8b7	1. d2 d4 2. g8 f6 3. c2 c4 4. e7 e6 5. g1 f3 6. b7 b6 7. b1 c3 8. f8 b4 9. c1 g5 10. h7 h6 11. g5 h4 12. c8 b7 
65	E14	Queen's Indian, Averbakh Variation	rn1q1rk1/pb1pbppp/1p2pn2/8/2PN4/1P1BP3/PB3PPP/RN1Q1RK1 b - -	g1f3 c7c5 b2b3 g8f6 c1b2 e7e6 e2e3 f8e7 d2d4 e8g8 f1d3 b7b6 e1g1 c8b7 c2c4 c5d4 f3d4	1. g1 f3 2. c7 c5 3. b2 b3 4. g8 f6 5. c1 b2 6. e7 e6 7. e2 e3 8. f8 e7 9. d2 d4 10. e8 g8 11. f1 d3 12. b7 b6 13. e1 g1 14. c8 b7 15. c2 c4 16. c5 d4 17. f3 d4 
66	E14	Queen's Indian Defense: Spassky System	rnbqkb1r/p1pp1ppp/1p2pn2/8/2PP4/4PN2/PP3PPP/RNBQKB1R b KQkq -	d2d4 g8f6 c2c4 e7e6 g1f3 b7b6 e2e3	1. d2 d4 2. g8 f6 3. c2 c4 4. e7 e6 5. g1 f3 6. b7 b6 7. e2 e3 
67	E15	Queen's Indian, Buerger Variation	rn1qkb1r/pb1p1ppp/1p3n2/2pp2N1/2P5/6P1/PP2PPBP/RNBQK2R b KQkq -	g1f3 g8f6 c2c4 b7b6 d2d4 e7e6 g2g3 c8b7 f1g2 c7c5 d4d5 e6d5 f3g5	1. g1 f3 2. g8 f6 3. c2 c4 4. b7 b6 5. d2 d4 6. e7 e6 7. g2 g3 8. c8 b7 9. f1 g2 10. c7 c5 11. d4 d5 12. e6 d5 13. f3 g5 
68	E15	Queen's Indian Defense: Fianchetto Traditional	rn1qkb1r/pbpp1ppp/1p2pn2/8/2PP4/5NP1/PP2PP1P/RNBQKB1R w KQkq -	d2d4 g8f6 c2c4 e7e6 g1f3 b7b6 g2g3 c8b7	1. d2 d4 2. g8 f6 3. c2 c4 4. e7 e6 5. g1 f3 6. b7 b6 7. g2 g3 8. c8 b7 
69	E15	Queen's Indian Defense: Fianchetto Variation, Check Variation, Intermezzo Line	rn1qk2r/p1ppbppp/bp2pn2/8/2PP4/1P3NP1/P2BPP1P/RN1QKB1R w KQkq -	d2d4 g8f6 c2c4 e7e6 g1f3 b7b6 g2g3 c8a6 b2b3 f8b4 c1d2 b4e7	1. d2 d4 2. g8 f6 3. c2 c4 4. e7 e6 5. g1 f3 6. b7 b6 7. g2 g3 8. c8 a6 9. b2 b3 10. f8 b4 11. c1 d2 12. b4 e7 
70	E15	Queen's Indian Defense: Fianchetto Variation, Check Variation, Modern Line	rn2k2r/p1ppqppp/bp2pn2/8/1bPP4/1P3NP1/P2BPP1P/RN1QKB1R w KQkq -	d2d4 g8f6 c2c4 e7e6 g1f3 b7b6 g2g3 c8a6 b2b3 f8b4 c1d2 d8e7	1. d2 d4 2. g8 f6 3. c2 c4 4. e7 e6 5. g1 f3 6. b7 b6 7. g2 g3 8. c8 a6 9. b2 b3 10. f8 b4 11. c1 d2 12. d8 e7 
71	E15	Queen's Indian Defense: Fianchetto Variation, Check Variation	rn1qk2r/p1pp1ppp/bp2pn2/8/1bPP4/1P3NP1/P3PP1P/RNBQKB1R w KQkq -	d2d4 g8f6 c2c4 e7e6 g1f3 b7b6 g2g3 c8a6 b2b3 f8b4	1. d2 d4 2. g8 f6 3. c2 c4 4. e7 e6 5. g1 f3 6. b7 b6 7. g2 g3 8. c8 a6 9. b2 b3 10. f8 b4 
72	E15	Queen's Indian Defense: Fianchetto Variation, Nimzowitsch Variation, Nimzowitsch Attack	rn1qkb1r/p1pp1ppp/bp2pn2/8/Q1PP4/5NP1/PP2PP1P/RNB1KB1R b KQkq -	d2d4 g8f6 c2c4 e7e6 g1f3 b7b6 g2g3 c8a6 d1a4	1. d2 d4 2. g8 f6 3. c2 c4 4. e7 e6 5. g1 f3 6. b7 b6 7. g2 g3 8. c8 a6 9. d1 a4 
73	E15	Queen's Indian Defense: Fianchetto Variation, Nimzowitsch Variation, Quiet Line	rn1qkb1r/p1pp1ppp/bp2pn2/8/2PP4/1P3NP1/P3PP1P/RNBQKB1R b KQkq -	d2d4 g8f6 c2c4 e7e6 g1f3 b7b6 g2g3 c8a6 b2b3	1. d2 d4 2. g8 f6 3. c2 c4 4. e7 e6 5. g1 f3 6. b7 b6 7. g2 g3 8. c8 a6 9. b2 b3 
74	E15	Queen's Indian Defense: Fianchetto Variation, Nimzowitsch Variation	rn1qkb1r/p1pp1ppp/bp2pn2/8/2PP4/5NP1/PP2PP1P/RNBQKB1R w KQkq -	d2d4 g8f6 c2c4 e7e6 g1f3 b7b6 g2g3 c8a6	1. d2 d4 2. g8 f6 3. c2 c4 4. e7 e6 5. g1 f3 6. b7 b6 7. g2 g3 8. c8 a6 
75	E15	Queen's Indian Defense: Fianchetto Variation, Nimzowitsch Variation, Timman's Line	rn1qkb1r/p1pp1ppp/bp2pn2/8/2PP4/1Q3NP1/PP2PP1P/RNB1KB1R b KQkq -	d2d4 g8f6 c2c4 e7e6 g1f3 b7b6 g2g3 c8a6 d1b3	1. d2 d4 2. g8 f6 3. c2 c4 4. e7 e6 5. g1 f3 6. b7 b6 7. g2 g3 8. c8 a6 9. d1 b3 
76	E15	Queen's Indian Defense: Fianchetto Variation	rnbqkb1r/p1pp1ppp/1p2pn2/8/2PP4/5NP1/PP2PP1P/RNBQKB1R b KQkq -	d2d4 g8f6 c2c4 e7e6 g1f3 b7b6 g2g3	1. d2 d4 2. g8 f6 3. c2 c4 4. e7 e6 5. g1 f3 6. b7 b6 7. g2 g3 
77	E15	Queen's Indian Defense: Fianchetto Variation, Rubinstein Variation	rn1qkb1r/pb1p1ppp/1p3n2/2pp4/2P4N/6P1/PP2PPBP/RNBQK2R b KQkq -	d2d4 g8f6 c2c4 e7e6 g1f3 b7b6 g2g3 c8b7 f1g2 c7c5 d4d5 e6d5 f3h4	1. d2 d4 2. g8 f6 3. c2 c4 4. e7 e6 5. g1 f3 6. b7 b6 7. g2 g3 8. c8 b7 9. f1 g2 10. c7 c5 11. d4 d5 12. e6 d5 13. f3 h4 
78	E15	Queen's Indian Defense: Fianchetto Variation, Sämisch Variation	rn1qkb1r/pb1p1ppp/1p2pn2/2p5/2PP4/5NP1/PP2PPBP/RNBQK2R w KQkq -	d2d4 g8f6 c2c4 e7e6 g1f3 b7b6 g2g3 c8b7 f1g2 c7c5	1. d2 d4 2. g8 f6 3. c2 c4 4. e7 e6 5. g1 f3 6. b7 b6 7. g2 g3 8. c8 b7 9. f1 g2 10. c7 c5 
79	E16	Queen's Indian Defense: Capablanca Variation	rn1qk2r/pbpp1ppp/1p2pn2/8/1bPP4/5NP1/PP2PPBP/RNBQK2R w KQkq -	d2d4 g8f6 c2c4 e7e6 g1f3 b7b6 g2g3 c8b7 f1g2 f8b4	1. d2 d4 2. g8 f6 3. c2 c4 4. e7 e6 5. g1 f3 6. b7 b6 7. g2 g3 8. c8 b7 9. f1 g2 10. f8 b4 
80	E16	Queen's Indian Defense: Riumin Variation	rn1qk2r/pbppbppp/1p2pn2/8/2PP4/5NP1/PP1BPPBP/RN1QK2R w KQkq -	d2d4 g8f6 c2c4 e7e6 g1f3 b7b6 g2g3 c8b7 f1g2 f8b4 c1d2 b4e7	1. d2 d4 2. g8 f6 3. c2 c4 4. e7 e6 5. g1 f3 6. b7 b6 7. g2 g3 8. c8 b7 9. f1 g2 10. f8 b4 11. c1 d2 12. b4 e7 
81	E16	Queen's Indian Defense: Yates Variation	rn1qk2r/1bpp1ppp/1p2pn2/p7/1bPP4/5NP1/PP1BPPBP/RN1QK2R w KQkq -	d2d4 g8f6 c2c4 e7e6 g1f3 f8b4 c1d2 a7a5 g2g3 b7b6 f1g2 c8b7	1. d2 d4 2. g8 f6 3. c2 c4 4. e7 e6 5. g1 f3 6. f8 b4 7. c1 d2 8. a7 a5 9. g2 g3 10. b7 b6 11. f1 g2 12. c8 b7 
82	E17	Queen's Indian Defense: Anti-Queen's Indian System	rn1qk2r/pbppbppp/1p2pn2/8/2PP4/2N2NP1/PP2PPBP/R1BQK2R b KQkq -	d2d4 g8f6 c2c4 e7e6 g1f3 b7b6 g2g3 c8b7 f1g2 f8e7 b1c3	1. d2 d4 2. g8 f6 3. c2 c4 4. e7 e6 5. g1 f3 6. b7 b6 7. g2 g3 8. c8 b7 9. f1 g2 10. f8 e7 11. b1 c3 
83	E17	Queen's Indian Defense: Classical Variation, Polugaevsky Gambit	rn1q1rk1/pbppbppp/1p3n2/3p4/2P4N/6P1/PP2PPBP/RNBQ1RK1 b - -	d2d4 g8f6 c2c4 e7e6 g1f3 b7b6 g2g3 c8b7 f1g2 f8e7 e1g1 e8g8 d4d5 e6d5 f3h4	1. d2 d4 2. g8 f6 3. c2 c4 4. e7 e6 5. g1 f3 6. b7 b6 7. g2 g3 8. c8 b7 9. f1 g2 10. f8 e7 11. e1 g1 12. e8 g8 13. d4 d5 14. e6 d5 15. f3 h4 
84	E17	Queen's Indian Defense: Classical Variation	rn1qk2r/pbppbppp/1p2pn2/8/2PP4/5NP1/PP2PPBP/RNBQ1RK1 b kq -	d2d4 g8f6 c2c4 e7e6 g1f3 b7b6 g2g3 c8b7 f1g2 f8e7 e1g1	1. d2 d4 2. g8 f6 3. c2 c4 4. e7 e6 5. g1 f3 6. b7 b6 7. g2 g3 8. c8 b7 9. f1 g2 10. f8 e7 11. e1 g1 
85	E17	Queen's Indian Defense: Classical Variation, Taimanov Gambit	rn1q1rk1/pbppbppp/1p3n2/3p4/2PN4/6P1/PP2PPBP/RNBQ1RK1 b - -	d2d4 g8f6 c2c4 e7e6 g1f3 b7b6 g2g3 c8b7 f1g2 f8e7 e1g1 e8g8 d4d5 e6d5 f3d4	1. d2 d4 2. g8 f6 3. c2 c4 4. e7 e6 5. g1 f3 6. b7 b6 7. g2 g3 8. c8 b7 9. f1 g2 10. f8 e7 11. e1 g1 12. e8 g8 13. d4 d5 14. e6 d5 15. f3 d4 
86	E17	Queen's Indian Defense: Euwe Variation	rn1q1rk1/pbppbppp/1p2pn2/8/2PP4/1P3NP1/P3PPBP/RNBQ1RK1 b - -	d2d4 g8f6 c2c4 e7e6 g1f3 b7b6 g2g3 c8b7 f1g2 f8e7 e1g1 e8g8 b2b3	1. d2 d4 2. g8 f6 3. c2 c4 4. e7 e6 5. g1 f3 6. b7 b6 7. g2 g3 8. c8 b7 9. f1 g2 10. f8 e7 11. e1 g1 12. e8 g8 13. b2 b3 
87	E17	Queen's Indian Defense: Fianchetto Variation, Kramnik Variation	rn1q1rk1/pbppbppp/1p2pn2/8/2PP4/5NP1/PP2PPBP/RNBQR1K1 b - -	d2d4 g8f6 c2c4 e7e6 g1f3 b7b6 g2g3 c8b7 f1g2 f8e7 e1g1 e8g8 f1e1	1. d2 d4 2. g8 f6 3. c2 c4 4. e7 e6 5. g1 f3 6. b7 b6 7. g2 g3 8. c8 b7 9. f1 g2 10. f8 e7 11. e1 g1 12. e8 g8 13. f1 e1 
88	E17	Queen's Indian Defense: Opocensky Variation	rn1qk2r/pbppbppp/1p2p3/8/2PPn3/2N2NP1/PP1BPPBP/R2QK2R b KQkq -	d2d4 g8f6 c2c4 e7e6 g1f3 b7b6 g2g3 c8b7 f1g2 f8e7 b1c3 f6e4 c1d2	1. d2 d4 2. g8 f6 3. c2 c4 4. e7 e6 5. g1 f3 6. b7 b6 7. g2 g3 8. c8 b7 9. f1 g2 10. f8 e7 11. b1 c3 12. f6 e4 13. c1 d2 
89	E17	Queen's Indian Defense: Traditional Variation	rn1qk2r/pbppbppp/1p2pn2/8/2PP4/5NP1/PP2PPBP/RNBQK2R w KQkq -	d2d4 g8f6 c2c4 e7e6 g1f3 b7b6 g2g3 c8b7 f1g2 f8e7	1. d2 d4 2. g8 f6 3. c2 c4 4. e7 e6 5. g1 f3 6. b7 b6 7. g2 g3 8. c8 b7 9. f1 g2 10. f8 e7 
90	E18	Queen's Indian Defense: Classical Variation, Tiviakov Defense	r2q1rk1/pbppbppp/np2pn2/8/2PP4/2N2NP1/PP2PPBP/R1BQ1RK1 w - -	g1f3 g8f6 c2c4 e7e6 g2g3 b7b6 f1g2 c8b7 e1g1 f8e7 b1c3 e8g8 d2d4 b8a6	1. g1 f3 2. g8 f6 3. c2 c4 4. e7 e6 5. g2 g3 6. b7 b6 7. f1 g2 8. c8 b7 9. e1 g1 10. f8 e7 11. b1 c3 12. e8 g8 13. d2 d4 14. b8 a6 
91	E18	Queen's Indian Defense: Classical Variation, Traditional Variation, Nimzowitsch Line	rn1q1rk1/pbp1bppp/1p2pn2/3p4/2PP4/2N2NP1/PP2PPBP/R1BQ1RK1 w - -	d2d4 g8f6 c2c4 e7e6 g1f3 b7b6 g2g3 c8b7 f1g2 f8e7 e1g1 e8g8 b1c3 d7d5	1. d2 d4 2. g8 f6 3. c2 c4 4. e7 e6 5. g1 f3 6. b7 b6 7. g2 g3 8. c8 b7 9. f1 g2 10. f8 e7 11. e1 g1 12. e8 g8 13. b1 c3 14. d7 d5 
92	E18	Queen's Indian Defense: Classical Variation, Traditional Variation	rn1q1rk1/pbppbppp/1p2pn2/8/2PP4/2N2NP1/PP2PPBP/R1BQ1RK1 b - -	d2d4 g8f6 c2c4 e7e6 g1f3 b7b6 g2g3 c8b7 f1g2 f8e7 e1g1 e8g8 b1c3	1. d2 d4 2. g8 f6 3. c2 c4 4. e7 e6 5. g1 f3 6. b7 b6 7. g2 g3 8. c8 b7 9. f1 g2 10. f8 e7 11. e1 g1 12. e8 g8 13. b1 c3 
93	E19	Queen's Indian Defense: Classical Variation, Traditional Variation, Main Line	rn1q1rk1/pbppbppp/1p2p3/8/2PP4/2Q2NP1/PP2PPBP/R1B2RK1 b - -	d2d4 g8f6 c2c4 e7e6 g1f3 b7b6 g2g3 c8b7 f1g2 f8e7 e1g1 e8g8 b1c3 f6e4 d1c2 e4c3 c2c3	1. d2 d4 2. g8 f6 3. c2 c4 4. e7 e6 5. g1 f3 6. b7 b6 7. g2 g3 8. c8 b7 9. f1 g2 10. f8 e7 11. e1 g1 12. e8 g8 13. b1 c3 14. f6 e4 15. d1 c2 16. e4 c3 17. c2 c3 
94	E20	Nimzo-Indian Defense: Kmoch Variation	rnbqk2r/pppp1ppp/4pn2/8/1bPP4/2N2P2/PP2P1PP/R1BQKBNR b KQkq -	d2d4 g8f6 c2c4 e7e6 b1c3 f8b4 f2f3	1. d2 d4 2. g8 f6 3. c2 c4 4. e7 e6 5. b1 c3 6. f8 b4 7. f2 f3 
95	E20	Nimzo-Indian Defense: Mikenas Attack	rnbqk2r/pppp1ppp/4pn2/8/1bPP4/2NQ4/PP2PPPP/R1B1KBNR b KQkq -	d2d4 g8f6 c2c4 e7e6 b1c3 f8b4 d1d3	1. d2 d4 2. g8 f6 3. c2 c4 4. e7 e6 5. b1 c3 6. f8 b4 7. d1 d3 
96	E20	Nimzo-Indian Defense	rnbqk2r/pppp1ppp/4pn2/8/1bPP4/2N5/PP2PPPP/R1BQKBNR w KQkq -	d2d4 g8f6 c2c4 e7e6 b1c3 f8b4	1. d2 d4 2. g8 f6 3. c2 c4 4. e7 e6 5. b1 c3 6. f8 b4 
97	E20	Nimzo-Indian Defense: Romanishin Variation	rnbqk2r/pppp1ppp/4pn2/8/1bPP4/2N3P1/PP2PP1P/R1BQKBNR b KQkq -	d2d4 g8f6 c2c4 e7e6 b1c3 f8b4 g2g3	1. d2 d4 2. g8 f6 3. c2 c4 4. e7 e6 5. b1 c3 6. f8 b4 7. g2 g3 
98	E21	Nimzo-Indian Defense: Romanishin Variation, English Hybrid	rnbq1rk1/pp3ppp/4p3/3n4/1b1N4/2N3P1/PP2PPBP/R1BQK2R w KQ -	d2d4 g8f6 c2c4 e7e6 b1c3 f8b4 g1f3 c7c5 g2g3 c5d4 f3d4 e8g8 f1g2 d7d5 c4d5 f6d5	1. d2 d4 2. g8 f6 3. c2 c4 4. e7 e6 5. b1 c3 6. f8 b4 7. g1 f3 8. c7 c5 9. g2 g3 10. c5 d4 11. f3 d4 12. e8 g8 13. f1 g2 14. d7 d5 15. c4 d5 16. f6 d5 
99	E21	Nimzo-Indian Defense: Romanishin Variation	rnbq1rk1/pp1p1ppp/4pn2/2p5/1bPP4/2N2NP1/PP2PPBP/R1BQK2R b KQ -	d2d4 g8f6 c2c4 e7e6 b1c3 f8b4 g1f3 c7c5 g2g3 e8g8 f1g2	1. d2 d4 2. g8 f6 3. c2 c4 4. e7 e6 5. b1 c3 6. f8 b4 7. g1 f3 8. c7 c5 9. g2 g3 10. e8 g8 11. f1 g2 
100	E21	Nimzo-Indian Defense: Three Knights, Euwe Variation	rnbqk2r/pp1p1ppp/4p3/2pP4/1bP1n3/2N2N2/PP2PPPP/R1BQKB1R w KQkq -	d2d4 g8f6 c2c4 e7e6 b1c3 f8b4 g1f3 c7c5 d4d5 f6e4	1. d2 d4 2. g8 f6 3. c2 c4 4. e7 e6 5. b1 c3 6. f8 b4 7. g1 f3 8. c7 c5 9. d4 d5 10. f6 e4 
101	E21	Nimzo-Indian Defense: Three Knights Variation, Korchnoi Variation	rnbqk2r/pp1p1ppp/4pn2/2pP4/1bP5/2N2N2/PP2PPPP/R1BQKB1R b KQkq -	d2d4 g8f6 c2c4 e7e6 b1c3 f8b4 g1f3 c7c5 d4d5	1. d2 d4 2. g8 f6 3. c2 c4 4. e7 e6 5. b1 c3 6. f8 b4 7. g1 f3 8. c7 c5 9. d4 d5 
102	E21	Nimzo-Indian Defense: Three Knights Variation	rnbqk2r/pppp1ppp/4pn2/8/1bPP4/2N2N2/PP2PPPP/R1BQKB1R b KQkq -	d2d4 g8f6 c2c4 e7e6 b1c3 f8b4 g1f3	1. d2 d4 2. g8 f6 3. c2 c4 4. e7 e6 5. b1 c3 6. f8 b4 7. g1 f3 
103	E21	Nimzo-Indian Defense: Three Knights Variation, Shocron Gambit	rnbqk2r/p2p1ppp/4pn2/1ppP4/1bP5/2N2N2/PP2PPPP/R1BQKB1R w KQkq -	d2d4 g8f6 c2c4 e7e6 g1f3 f8b4 b1c3 c7c5 d4d5 b7b5	1. d2 d4 2. g8 f6 3. c2 c4 4. e7 e6 5. g1 f3 6. f8 b4 7. b1 c3 8. c7 c5 9. d4 d5 10. b7 b5 
104	E22	Nimzo-Indian Defense: Spielmann Variation	rnbqk2r/pppp1ppp/4pn2/8/1bPP4/1QN5/PP2PPPP/R1B1KBNR b KQkq -	d2d4 g8f6 c2c4 e7e6 b1c3 f8b4 d1b3	1. d2 d4 2. g8 f6 3. c2 c4 4. e7 e6 5. b1 c3 6. f8 b4 7. d1 b3 
105	E23	Nimzo-Indian Defense: Spielmann, Stahlberg Variation	r1bqk2r/pp1p2pp/2n1p3/2n2p2/1bP5/2N2NP1/PPQBPP1P/R3KB1R b KQkq -	d2d4 g8f6 c2c4 e7e6 b1c3 f8b4 d1b3 c7c5 d4c5 b8c6 g1f3 f6e4 c1d2 e4c5 b3c2 f7f5 g2g3	1. d2 d4 2. g8 f6 3. c2 c4 4. e7 e6 5. b1 c3 6. f8 b4 7. d1 b3 8. c7 c5 9. d4 c5 10. b8 c6 11. g1 f3 12. f6 e4 13. c1 d2 14. e4 c5 15. b3 c2 16. f7 f5 17. g2 g3 
106	E23	Nimzo-Indian Defense: Spielmann Variation, Karlsbad Variation	r1bqk2r/pp1p1ppp/2n1p3/2P5/1bP5/1QN2N2/PP1nPPPP/R3KB1R w KQkq -	d2d4 g8f6 c2c4 e7e6 b1c3 f8b4 d1b3 c7c5 d4c5 b8c6 g1f3 f6e4 c1d2 e4d2	1. d2 d4 2. g8 f6 3. c2 c4 4. e7 e6 5. b1 c3 6. f8 b4 7. d1 b3 8. c7 c5 9. d4 c5 10. b8 c6 11. g1 f3 12. f6 e4 13. c1 d2 14. e4 d2 
107	E23	Nimzo-Indian Defense: Spielmann Variation, Romanovsky Gambit	r1bqk2r/pp1p1ppp/2n1pn2/2P5/1bP5/1QN5/PP2PPPP/R1B1KBNR w KQkq -	d2d4 g8f6 c2c4 e7e6 b1c3 f8b4 d1b3 c7c5 d4c5 b8c6	1. d2 d4 2. g8 f6 3. c2 c4 4. e7 e6 5. b1 c3 6. f8 b4 7. d1 b3 8. c7 c5 9. d4 c5 10. b8 c6 
108	E23	Nimzo-Indian Defense: Spielmann Variation, Stahlberg Variation	r1bqk2r/pp1p1ppp/2n1p3/2n5/1bP5/1QN2N2/PP1BPPPP/R3KB1R w KQkq -	d2d4 g8f6 c2c4 e7e6 b1c3 f8b4 d1b3 c7c5 d4c5 b8c6 g1f3 f6e4 c1d2 e4c5	1. d2 d4 2. g8 f6 3. c2 c4 4. e7 e6 5. b1 c3 6. f8 b4 7. d1 b3 8. c7 c5 9. d4 c5 10. b8 c6 11. g1 f3 12. f6 e4 13. c1 d2 14. e4 c5 
109	E24	Nimzo-Indian Defense: Sämisch, Botvinnik Variation	rnbq1rk1/pp3ppp/4p3/2pn4/3P4/P1P1PP2/6PP/R1BQKBNR w KQ -	d2d4 g8f6 c2c4 e7e6 b1c3 f8b4 f2f3 d7d5 a2a3 b4c3 b2c3 c7c5 e2e3 e8g8 c4d5 f6d5	1. d2 d4 2. g8 f6 3. c2 c4 4. e7 e6 5. b1 c3 6. f8 b4 7. f2 f3 8. d7 d5 9. a2 a3 10. b4 c3 11. b2 c3 12. c7 c5 13. e2 e3 14. e8 g8 15. c4 d5 16. f6 d5 
110	E24	Nimzo-Indian Defense: Sämisch Variation, Accelerated	rnbqk2r/pppp1ppp/4pn2/8/2PP4/P1P5/4PPPP/R1BQKBNR b KQkq -	d2d4 g8f6 c2c4 e7e6 b1c3 f8b4 a2a3 b4c3 b2c3	1. d2 d4 2. g8 f6 3. c2 c4 4. e7 e6 5. b1 c3 6. f8 b4 7. a2 a3 8. b4 c3 9. b2 c3 
111	E25	Nimzo-Indian Defense: Sämisch, Romanovsky Variation	rnbqk2r/pp4pp/4p3/2Pn1p2/8/P1P2P2/4P1PP/R1BQKBNR w KQkq -	d2d4 g8f6 c2c4 e7e6 b1c3 f8b4 f2f3 d7d5 a2a3 b4c3 b2c3 c7c5 c4d5 f6d5 d4c5 f7f5	1. d2 d4 2. g8 f6 3. c2 c4 4. e7 e6 5. b1 c3 6. f8 b4 7. f2 f3 8. d7 d5 9. a2 a3 10. b4 c3 11. b2 c3 12. c7 c5 13. c4 d5 14. f6 d5 15. d4 c5 16. f7 f5 
112	E25	Nimzo-Indian Defense: Sämisch Variation, Keres Variation	rnbqk2r/pp3ppp/4p3/2Pn4/8/P1P2P2/4P1PP/R1BQKBNR b KQkq -	d2d4 g8f6 c2c4 e7e6 b1c3 f8b4 f2f3 d7d5 a2a3 b4c3 b2c3 c7c5 c4d5 f6d5 d4c5	1. d2 d4 2. g8 f6 3. c2 c4 4. e7 e6 5. b1 c3 6. f8 b4 7. f2 f3 8. d7 d5 9. a2 a3 10. b4 c3 11. b2 c3 12. c7 c5 13. c4 d5 14. f6 d5 15. d4 c5 
113	E25	Nimzo-Indian Defense: Sämisch Variation	rnbqk2r/pp3ppp/4pn2/2pP4/3P4/P1P2P2/4P1PP/R1BQKBNR b KQkq -	d2d4 g8f6 c2c4 e7e6 b1c3 f8b4 f2f3 d7d5 a2a3 b4c3 b2c3 c7c5 c4d5	1. d2 d4 2. g8 f6 3. c2 c4 4. e7 e6 5. b1 c3 6. f8 b4 7. f2 f3 8. d7 d5 9. a2 a3 10. b4 c3 11. b2 c3 12. c7 c5 13. c4 d5 
114	E26	Nimzo-Indian Defense: Sämisch Variation, O'Kelly Variation	rnbqk2r/p2p1ppp/1p2pn2/2p5/2PP4/P1P1P3/5PPP/R1BQKBNR w KQkq -	d2d4 g8f6 c2c4 e7e6 b1c3 f8b4 a2a3 b4c3 b2c3 c7c5 e2e3 b7b6	1. d2 d4 2. g8 f6 3. c2 c4 4. e7 e6 5. b1 c3 6. f8 b4 7. a2 a3 8. b4 c3 9. b2 c3 10. c7 c5 11. e2 e3 12. b7 b6 
115	E26	Nimzo-Indian Defense: Sämisch Variation	rnbqk2r/pp1p1ppp/4pn2/2p5/2PP4/P1P1P3/5PPP/R1BQKBNR b KQkq -	d2d4 g8f6 c2c4 e7e6 b1c3 f8b4 a2a3 b4c3 b2c3 c7c5 e2e3	1. d2 d4 2. g8 f6 3. c2 c4 4. e7 e6 5. b1 c3 6. f8 b4 7. a2 a3 8. b4 c3 9. b2 c3 10. c7 c5 11. e2 e3 
116	E27	Nimzo-Indian Defense: Sämisch Variation	rnbq1rk1/pppp1ppp/4pn2/8/2PP4/P1P5/4PPPP/R1BQKBNR w KQ -	d2d4 g8f6 c2c4 e7e6 b1c3 f8b4 a2a3 b4c3 b2c3 e8g8	1. d2 d4 2. g8 f6 3. c2 c4 4. e7 e6 5. b1 c3 6. f8 b4 7. a2 a3 8. b4 c3 9. b2 c3 10. e8 g8 
117	E28	Nimzo-Indian Defense: Sämisch Variation	rnbq1rk1/pppp1ppp/4pn2/8/2PP4/P1P1P3/5PPP/R1BQKBNR b KQ -	d2d4 g8f6 c2c4 e7e6 b1c3 f8b4 e2e3 e8g8 a2a3 b4c3 b2c3	1. d2 d4 2. g8 f6 3. c2 c4 4. e7 e6 5. b1 c3 6. f8 b4 7. e2 e3 8. e8 g8 9. a2 a3 10. b4 c3 11. b2 c3 
118	E29	Nimzo-Indian Defense: Sämisch Variation, Capablanca Variation	r1bqnrk1/p2p1ppp/1pn1p3/2p5/2PPP3/P1PB4/4NPPP/R1BQK2R w KQ -	d2d4 g8f6 c2c4 e7e6 b1c3 f8b4 e2e3 c7c5 f1d3 b8c6 a2a3 b4c3 b2c3 e8g8 g1e2 b7b6 e3e4 f6e8	1. d2 d4 2. g8 f6 3. c2 c4 4. e7 e6 5. b1 c3 6. f8 b4 7. e2 e3 8. c7 c5 9. f1 d3 10. b8 c6 11. a2 a3 12. b4 c3 13. b2 c3 14. e8 g8 15. g1 e2 16. b7 b6 17. e3 e4 18. f6 e8 
119	E29	Nimzo-Indian Defense: Sämisch Variation	r1bq1rk1/pp1p1ppp/2n1pn2/2p5/2PP4/P1PBP3/5PPP/R1BQK1NR w KQ -	d2d4 g8f6 c2c4 e7e6 b1c3 f8b4 e2e3 c7c5 f1d3 b8c6 a2a3 b4c3 b2c3 e8g8	1. d2 d4 2. g8 f6 3. c2 c4 4. e7 e6 5. b1 c3 6. f8 b4 7. e2 e3 8. c7 c5 9. f1 d3 10. b8 c6 11. a2 a3 12. b4 c3 13. b2 c3 14. e8 g8 
120	E30	Nimzo-Indian Defense: Leningrad Variation, Averbakh Gambit	rnbqk2r/p2p1pp1/4pn1p/1ppP4/1bP4B/2N5/PP2PPPP/R2QKBNR w KQkq -	d2d4 g8f6 c2c4 e7e6 b1c3 f8b4 c1g5 h7h6 g5h4 c7c5 d4d5 b7b5	1. d2 d4 2. g8 f6 3. c2 c4 4. e7 e6 5. b1 c3 6. f8 b4 7. c1 g5 8. h7 h6 9. g5 h4 10. c7 c5 11. d4 d5 12. b7 b5 
121	E30	Nimzo-Indian Defense: Leningrad Variation	rnbqk2r/pppp1ppp/4pn2/6B1/1bPP4/2N5/PP2PPPP/R2QKBNR b KQkq -	d2d4 g8f6 c2c4 e7e6 b1c3 f8b4 c1g5	1. d2 d4 2. g8 f6 3. c2 c4 4. e7 e6 5. b1 c3 6. f8 b4 7. c1 g5 
122	E31	Nimzo-Indian Defense: Leningrad Variation, Benoni Defense	rnbqk2r/pp3pp1/3ppn1p/2pP4/1bP4B/2N5/PP2PPPP/R2QKBNR w KQkq -	d2d4 g8f6 c2c4 e7e6 b1c3 f8b4 c1g5 h7h6 g5h4 c7c5 d4d5 d7d6	1. d2 d4 2. g8 f6 3. c2 c4 4. e7 e6 5. b1 c3 6. f8 b4 7. c1 g5 8. h7 h6 9. g5 h4 10. c7 c5 11. d4 d5 12. d7 d6 
123	E32	Nimzo-Indian Defense: Classical Variation, Keres Defense	rnbq1rk1/p1pp1ppp/1p2pn2/8/2PP4/P1Q5/1P2PPPP/R1B1KBNR w KQ -	d2d4 g8f6 c2c4 e7e6 b1c3 f8b4 d1c2 e8g8 a2a3 b4c3 c2c3 b7b6	1. d2 d4 2. g8 f6 3. c2 c4 4. e7 e6 5. b1 c3 6. f8 b4 7. d1 c2 8. e8 g8 9. a2 a3 10. b4 c3 11. c2 c3 12. b7 b6 
124	E32	Nimzo-Indian Defense: Classical Variation	rnbqk2r/pppp1ppp/4pn2/8/1bPP4/2N5/PPQ1PPPP/R1B1KBNR b KQkq -	d2d4 g8f6 c2c4 e7e6 b1c3 f8b4 d1c2	1. d2 d4 2. g8 f6 3. c2 c4 4. e7 e6 5. b1 c3 6. f8 b4 7. d1 c2 
125	E32	Nimzo-Indian Defense: Classical Variation, Vitolins-Adorjan Gambit	rnbq1rk1/p1pp1ppp/4pn2/1p6/2PP4/P1Q5/1P2PPPP/R1B1KBNR w KQ -	d2d4 g8f6 c2c4 e7e6 b1c3 f8b4 d1c2 e8g8 a2a3 b4c3 c2c3 b7b5	1. d2 d4 2. g8 f6 3. c2 c4 4. e7 e6 5. b1 c3 6. f8 b4 7. d1 c2 8. e8 g8 9. a2 a3 10. b4 c3 11. c2 c3 12. b7 b5 
126	E33	Nimzo-Indian Defense: Classical Variation, Milner-Barry Variation	r1bqk2r/ppp2ppp/2nppn2/8/1bPP4/2N2N2/PPQ1PPPP/R1B1KB1R w KQkq -	d2d4 g8f6 c2c4 e7e6 b1c3 f8b4 d1c2 b8c6 g1f3 d7d6	1. d2 d4 2. g8 f6 3. c2 c4 4. e7 e6 5. b1 c3 6. f8 b4 7. d1 c2 8. b8 c6 9. g1 f3 10. d7 d6 
127	E33	Nimzo-Indian Defense: Classical Variation, Zurich Variation	r1bqk2r/pppp1ppp/2n1pn2/8/1bPP4/2N5/PPQ1PPPP/R1B1KBNR w KQkq -	d2d4 g8f6 c2c4 e7e6 b1c3 f8b4 d1c2 b8c6	1. d2 d4 2. g8 f6 3. c2 c4 4. e7 e6 5. b1 c3 6. f8 b4 7. d1 c2 8. b8 c6 
128	E34	Nimzo-Indian Defense: Classical Variation, Belyavsky Gambit	rnb1k2r/ppp2ppp/5n2/4pq2/1b1P4/2N2N2/PP2PPPP/R1BQKB1R w KQkq -	d2d4 g8f6 c2c4 e7e6 b1c3 f8b4 d1c2 d7d5 c4d5 d8d5 g1f3 d5f5 c2d1 e6e5	1. d2 d4 2. g8 f6 3. c2 c4 4. e7 e6 5. b1 c3 6. f8 b4 7. d1 c2 8. d7 d5 9. c4 d5 10. d8 d5 11. g1 f3 12. d5 f5 13. c2 d1 14. e6 e5 
129	E34	Nimzo-Indian Defense: Classical Variation, Noa Variation	rnbqk2r/ppp2ppp/4pn2/3p4/1bPP4/2N5/PPQ1PPPP/R1B1KBNR w KQkq -	d2d4 g8f6 c2c4 e7e6 b1c3 f8b4 d1c2 d7d5	1. d2 d4 2. g8 f6 3. c2 c4 4. e7 e6 5. b1 c3 6. f8 b4 7. d1 c2 8. d7 d5 
130	E35	Nimzo-Indian Defense: Classical, Noa Variation	rnbqk2r/ppp2ppp/5n2/3p4/1b1P4/2N5/PPQ1PPPP/R1B1KBNR w KQkq -	d2d4 g8f6 c2c4 e7e6 b1c3 f8b4 d1c2 d7d5 c4d5 e6d5	1. d2 d4 2. g8 f6 3. c2 c4 4. e7 e6 5. b1 c3 6. f8 b4 7. d1 c2 8. d7 d5 9. c4 d5 10. e6 d5 
131	E36	Nimzo-Indian Defense: Classical, Noa Variation, Main Line	rnbqk2r/ppp2ppp/4p3/3p4/2PPn3/P1Q5/1P2PPPP/R1B1KBNR w KQkq -	d2d4 g8f6 c2c4 e7e6 b1c3 f8b4 d1c2 d7d5 a2a3 b4c3 c2c3 f6e4	1. d2 d4 2. g8 f6 3. c2 c4 4. e7 e6 5. b1 c3 6. f8 b4 7. d1 c2 8. d7 d5 9. a2 a3 10. b4 c3 11. c2 c3 12. f6 e4 
132	E36	Nimzo-Indian Defense: Classical Variation, Noa Variation, Botvinnik Variation	r1bqk2r/ppp2ppp/2n1pn2/3p4/2PP4/P1Q5/1P2PPPP/R1B1KBNR w KQkq -	d2d4 g8f6 c2c4 e7e6 b1c3 f8b4 d1c2 d7d5 a2a3 b4c3 c2c3 b8c6	1. d2 d4 2. g8 f6 3. c2 c4 4. e7 e6 5. b1 c3 6. f8 b4 7. d1 c2 8. d7 d5 9. a2 a3 10. b4 c3 11. c2 c3 12. b8 c6 
133	E36	Nimzo-Indian Defense: Classical Variation, Noa Variation	rnbqk2r/ppp2ppp/4pn2/3p4/1bPP4/P1N5/1PQ1PPPP/R1B1KBNR b KQkq -	d2d4 g8f6 c2c4 e7e6 b1c3 f8b4 d1c2 d7d5 a2a3	1. d2 d4 2. g8 f6 3. c2 c4 4. e7 e6 5. b1 c3 6. f8 b4 7. d1 c2 8. d7 d5 9. a2 a3 
134	E37	Nimzo-Indian Defense: Classical Variation, Noa Variation	rnbqk2r/ppp2ppp/4p3/3p4/2PPn3/P7/1PQ1PPPP/R1B1KBNR b KQkq -	d2d4 g8f6 c2c4 e7e6 b1c3 f8b4 d1c2 d7d5 a2a3 b4c3 c2c3 f6e4 c3c2	1. d2 d4 2. g8 f6 3. c2 c4 4. e7 e6 5. b1 c3 6. f8 b4 7. d1 c2 8. d7 d5 9. a2 a3 10. b4 c3 11. c2 c3 12. f6 e4 13. c3 c2 
135	E37	Nimzo-Indian Defense: Classical Variation, Noa Variation, San Remo Variation	r1bqk2r/ppp2ppp/2n5/3pp3/2PPn3/P3P3/1PQ2PPP/R1B1KBNR w KQkq -	d2d4 g8f6 c2c4 e7e6 b1c3 f8b4 d1c2 d7d5 a2a3 b4c3 c2c3 f6e4 c3c2 b8c6 e2e3 e6e5	1. d2 d4 2. g8 f6 3. c2 c4 4. e7 e6 5. b1 c3 6. f8 b4 7. d1 c2 8. d7 d5 9. a2 a3 10. b4 c3 11. c2 c3 12. f6 e4 13. c3 c2 14. b8 c6 15. e2 e3 16. e6 e5 
136	E38	Nimzo-Indian Defense: Classical Variation, Berlin Variation	rnbqk2r/pp1p1ppp/4pn2/2p5/1bPP4/2N5/PPQ1PPPP/R1B1KBNR w KQkq -	d2d4 g8f6 c2c4 e7e6 b1c3 f8b4 d1c2 c7c5	1. d2 d4 2. g8 f6 3. c2 c4 4. e7 e6 5. b1 c3 6. f8 b4 7. d1 c2 8. c7 c5 
137	E38	Nimzo-Indian Defense: Classical Variation, Berlin Variation, Steiner Variation	rnbqk2r/pp1p1ppp/4pn2/2P5/2P5/2b5/PPQ1PPPP/R1B1KBNR w KQkq -	d2d4 g8f6 c2c4 e7e6 b1c3 f8b4 d1c2 c7c5 d4c5 b4c3	1. d2 d4 2. g8 f6 3. c2 c4 4. e7 e6 5. b1 c3 6. f8 b4 7. d1 c2 8. c7 c5 9. d4 c5 10. b4 c3 
138	E39	Nimzo-Indian Defense: Classical Variation, Berlin Variation, Macieja System	rnbq1rk1/p2p1ppp/1p2pn2/2b5/2P2B2/P1N2N2/1PQ1PPPP/R3KB1R b KQ -	d2d4 g8f6 c2c4 e7e6 b1c3 f8b4 d1c2 c7c5 d4c5 e8g8 a2a3 b4c5 g1f3 b7b6 c1f4	1. d2 d4 2. g8 f6 3. c2 c4 4. e7 e6 5. b1 c3 6. f8 b4 7. d1 c2 8. c7 c5 9. d4 c5 10. e8 g8 11. a2 a3 12. b4 c5 13. g1 f3 14. b7 b6 15. c1 f4 
139	E39	Nimzo-Indian Defense: Classical Variation, Berlin Variation, Pirc Variation	rnbq1rk1/pp1p1ppp/4pn2/2P5/1bP5/2N5/PPQ1PPPP/R1B1KBNR w KQ -	d2d4 g8f6 c2c4 e7e6 b1c3 f8b4 d1c2 c7c5 d4c5 e8g8	1. d2 d4 2. g8 f6 3. c2 c4 4. e7 e6 5. b1 c3 6. f8 b4 7. d1 c2 8. c7 c5 9. d4 c5 10. e8 g8 
140	E40	Nimzo-Indian Defense: Normal Line	rnbqk2r/pppp1ppp/4pn2/8/1bPP4/2N1P3/PP3PPP/R1BQKBNR b KQkq -	d2d4 g8f6 c2c4 e7e6 b1c3 f8b4 e2e3	1. d2 d4 2. g8 f6 3. c2 c4 4. e7 e6 5. b1 c3 6. f8 b4 7. e2 e3 
141	E40	Nimzo-Indian Defense: Normal Variation, Taimanov Variation	r1bqk2r/pppp1ppp/2n1pn2/8/1bPP4/2N1P3/PP3PPP/R1BQKBNR w KQkq -	d2d4 g8f6 c2c4 e7e6 b1c3 f8b4 e2e3 b8c6	1. d2 d4 2. g8 f6 3. c2 c4 4. e7 e6 5. b1 c3 6. f8 b4 7. e2 e3 8. b8 c6 
142	E41	Nimzo-Indian Defense: Hübner Variation, Main Line	r1bqk2r/pp3ppp/2nppn2/2p5/2PP4/2PBPN2/P4PPP/R1BQK2R w KQkq -	d2d4 g8f6 c2c4 e7e6 b1c3 f8b4 e2e3 c7c5 f1d3 b8c6 g1f3 b4c3 b2c3 d7d6	1. d2 d4 2. g8 f6 3. c2 c4 4. e7 e6 5. b1 c3 6. f8 b4 7. e2 e3 8. c7 c5 9. f1 d3 10. b8 c6 11. g1 f3 12. b4 c3 13. b2 c3 14. d7 d6 
143	E41	Nimzo-Indian Defense: Hübner Variation	rnbqk2r/pp1p1ppp/4pn2/2p5/1bPP4/2N1P3/PP3PPP/R1BQKBNR w KQkq -	d2d4 g8f6 c2c4 e7e6 b1c3 f8b4 e2e3 c7c5	1. d2 d4 2. g8 f6 3. c2 c4 4. e7 e6 5. b1 c3 6. f8 b4 7. e2 e3 8. c7 c5 
144	E41	Nimzo-Indian Defense: Normal Variation, Hübner Deferred	rnbq1rk1/pp1p1ppp/4pn2/2p5/1bPP4/2N1PN2/PP3PPP/R1BQKB1R w KQ -	d2d4 g8f6 c2c4 e7e6 b1c3 f8b4 e2e3 c7c5 g1f3 e8g8	1. d2 d4 2. g8 f6 3. c2 c4 4. e7 e6 5. b1 c3 6. f8 b4 7. e2 e3 8. c7 c5 9. g1 f3 10. e8 g8 
145	E42	Nimzo-Indian Defense: Hübner Variation, Rubinstein Variation, Main Line	rnbq1rk1/pp1p1ppp/4pn2/8/1bPP4/P1N5/1P2NPPP/R1BQKB1R b KQ -	d2d4 g8f6 c2c4 e7e6 b1c3 f8b4 e2e3 c7c5 g1e2 c5d4 e3d4 e8g8 a2a3	1. d2 d4 2. g8 f6 3. c2 c4 4. e7 e6 5. b1 c3 6. f8 b4 7. e2 e3 8. c7 c5 9. g1 e2 10. c5 d4 11. e3 d4 12. e8 g8 13. a2 a3 
146	E42	Nimzo-Indian Defense: Hübner Variation, Rubinstein Variation	rnbqk2r/pp1p1ppp/4pn2/2p5/1bPP4/2N1P3/PP2NPPP/R1BQKB1R b KQkq -	d2d4 g8f6 c2c4 e7e6 b1c3 f8b4 e2e3 c7c5 g1e2	1. d2 d4 2. g8 f6 3. c2 c4 4. e7 e6 5. b1 c3 6. f8 b4 7. e2 e3 8. c7 c5 9. g1 e2 
147	E42	Nimzo-Indian Defense: Hübner Variation, Rubinstein Variation, Sherbakov Attack	rnbq1rk1/pp1p1ppp/4pn2/2P5/1b1P4/2N5/PP2NPPP/R1BQKB1R b KQ -	d2d4 g8f6 c2c4 e7e6 b1c3 f8b4 e2e3 c7c5 g1e2 c5d4 e3d4 e8g8 c4c5	1. d2 d4 2. g8 f6 3. c2 c4 4. e7 e6 5. b1 c3 6. f8 b4 7. e2 e3 8. c7 c5 9. g1 e2 10. c5 d4 11. e3 d4 12. e8 g8 13. c4 c5 
148	E43	Nimzo-Indian Defense: St. Petersburg Variation	rnbqk2r/p1pp1ppp/1p2pn2/8/1bPP4/2N1P3/PP3PPP/R1BQKBNR w KQkq -	d2d4 g8f6 c2c4 e7e6 b1c3 f8b4 e2e3 b7b6	1. d2 d4 2. g8 f6 3. c2 c4 4. e7 e6 5. b1 c3 6. f8 b4 7. e2 e3 8. b7 b6 
149	E44	Nimzo-Indian Defense: Fischer Variation	rnbqk2r/p1pp1ppp/1p2pn2/8/1bPP4/2N1P3/PP2NPPP/R1BQKB1R b KQkq -	d2d4 g8f6 c2c4 e7e6 b1c3 f8b4 e2e3 b7b6 g1e2	1. d2 d4 2. g8 f6 3. c2 c4 4. e7 e6 5. b1 c3 6. f8 b4 7. e2 e3 8. b7 b6 9. g1 e2 
150	E45	Nimzo-Indian Defense: Normal Variation, Bronstein (Byrne) Variation	rn1qk2r/p1pp1ppp/bp2pn2/8/1bPP4/2N1P3/PP2NPPP/R1BQKB1R w KQkq -	d2d4 g8f6 c2c4 e7e6 b1c3 f8b4 e2e3 b7b6 g1e2 c8a6	1. d2 d4 2. g8 f6 3. c2 c4 4. e7 e6 5. b1 c3 6. f8 b4 7. e2 e3 8. b7 b6 9. g1 e2 10. c8 a6 
151	E46	Nimzo-Indian Defense: Normal Variation	rnbq1rk1/pppp1ppp/4pn2/8/1bPP4/2N1P3/PP3PPP/R1BQKBNR w KQ -	d2d4 g8f6 c2c4 e7e6 b1c3 f8b4 e2e3 e8g8	1. d2 d4 2. g8 f6 3. c2 c4 4. e7 e6 5. b1 c3 6. f8 b4 7. e2 e3 8. e8 g8 
152	E46	Nimzo-Indian Defense: Reshevsky Variation	rnbq1rk1/pppp1ppp/4pn2/8/1bPP4/2N1P3/PP2NPPP/R1BQKB1R b KQ -	d2d4 g8f6 c2c4 e7e6 b1c3 f8b4 e2e3 e8g8 g1e2	1. d2 d4 2. g8 f6 3. c2 c4 4. e7 e6 5. b1 c3 6. f8 b4 7. e2 e3 8. e8 g8 9. g1 e2 
153	E46	Nimzo-Indian Defense: Simagin Variation	rnbq1rk1/ppp2ppp/3bpn2/3p4/2PP4/P1N1P3/1P2NPPP/R1BQKB1R w KQ -	d2d4 g8f6 c2c4 e7e6 b1c3 f8b4 e2e3 e8g8 g1e2 d7d5 a2a3 b4d6	1. d2 d4 2. g8 f6 3. c2 c4 4. e7 e6 5. b1 c3 6. f8 b4 7. e2 e3 8. e8 g8 9. g1 e2 10. d7 d5 11. a2 a3 12. b4 d6 
154	E47	Nimzo-Indian Defense: Normal Variation, Bishop Attack	rnbq1rk1/pppp1ppp/4pn2/8/1bPP4/2NBP3/PP3PPP/R1BQK1NR b KQ -	d2d4 g8f6 c2c4 e7e6 b1c3 f8b4 e2e3 e8g8 f1d3	1. d2 d4 2. g8 f6 3. c2 c4 4. e7 e6 5. b1 c3 6. f8 b4 7. e2 e3 8. e8 g8 9. f1 d3 
155	E48	Nimzo-Indian Defense: Normal Variation, Bishop Attack, Classical Defense	rnbq1rk1/ppp2ppp/4pn2/3p4/1bPP4/2NBP3/PP3PPP/R1BQK1NR w KQ -	d2d4 g8f6 c2c4 e7e6 b1c3 f8b4 e2e3 e8g8 f1d3 d7d5	1. d2 d4 2. g8 f6 3. c2 c4 4. e7 e6 5. b1 c3 6. f8 b4 7. e2 e3 8. e8 g8 9. f1 d3 10. d7 d5 
156	E48	Nimzo-Indian Defense: Ragozin Defense	r1bq1rk1/ppp2ppp/2n1pn2/3p4/1bPP4/2NBPN2/PP3PPP/R1BQ1RK1 b - -	d2d4 g8f6 c2c4 e7e6 b1c3 f8b4 e2e3 e8g8 f1d3 d7d5 g1f3 b8c6 e1g1	1. d2 d4 2. g8 f6 3. c2 c4 4. e7 e6 5. b1 c3 6. f8 b4 7. e2 e3 8. e8 g8 9. f1 d3 10. d7 d5 11. g1 f3 12. b8 c6 13. e1 g1 
157	E49	Nimzo-Indian Defense: Normal Variation, Botvinnik System	rnbq1rk1/ppp2ppp/4pn2/3p4/2PP4/P1PBP3/5PPP/R1BQK1NR b KQ -	d2d4 g8f6 c2c4 e7e6 b1c3 f8b4 e2e3 e8g8 f1d3 d7d5 a2a3 b4c3 b2c3	1. d2 d4 2. g8 f6 3. c2 c4 4. e7 e6 5. b1 c3 6. f8 b4 7. e2 e3 8. e8 g8 9. f1 d3 10. d7 d5 11. a2 a3 12. b4 c3 13. b2 c3 
158	E50	Nimzo-Indian Defense	rnbq1rk1/pppp1ppp/4pn2/8/1bPP4/2N1PN2/PP3PPP/R1BQKB1R b KQ -	d2d4 g8f6 c2c4 e7e6 b1c3 f8b4 e2e3 e8g8 g1f3	1. d2 d4 2. g8 f6 3. c2 c4 4. e7 e6 5. b1 c3 6. f8 b4 7. e2 e3 8. e8 g8 9. g1 f3 
159	E51	Nimzo-Indian Defense: Normal Variation, Ragozin Variation	rnbq1rk1/ppp2ppp/4pn2/3p4/1bPP4/2N1PN2/PP3PPP/R1BQKB1R w KQ -	d2d4 g8f6 c2c4 e7e6 b1c3 f8b4 e2e3 e8g8 g1f3 d7d5	1. d2 d4 2. g8 f6 3. c2 c4 4. e7 e6 5. b1 c3 6. f8 b4 7. e2 e3 8. e8 g8 9. g1 f3 10. d7 d5 
160	E51	Nimzo-Indian Defense: Normal Variation, Sämisch Deferred	rnbq1rk1/ppp2ppp/4pn2/3p4/1bPP4/P1N1PN2/1P3PPP/R1BQKB1R b KQ -	d2d4 g8f6 c2c4 e7e6 b1c3 f8b4 e2e3 e8g8 g1f3 d7d5 a2a3	1. d2 d4 2. g8 f6 3. c2 c4 4. e7 e6 5. b1 c3 6. f8 b4 7. e2 e3 8. e8 g8 9. g1 f3 10. d7 d5 11. a2 a3 
161	E51	Nimzo-Indian Defense, Ragozin Variation	r1bq1rk1/ppp2ppp/2n1pn2/8/1bpP4/2NBPN2/PP3PPP/R1BQ1RK1 w - -	d2d4 g8f6 c2c4 e7e6 b1c3 f8b4 e2e3 e8g8 f1d3 d7d5 g1f3 b8c6 e1g1 d5c4	1. d2 d4 2. g8 f6 3. c2 c4 4. e7 e6 5. b1 c3 6. f8 b4 7. e2 e3 8. e8 g8 9. f1 d3 10. d7 d5 11. g1 f3 12. b8 c6 13. e1 g1 14. d5 c4 
162	E52	Nimzo-Indian Defense: Normal Variation, Schlechter Defense	rnbq1rk1/p1p2ppp/1p2pn2/3p4/1bPP4/2NBPN2/PP3PPP/R1BQK2R w KQ -	d2d4 g8f6 c2c4 e7e6 b1c3 f8b4 e2e3 e8g8 f1d3 d7d5 g1f3 b7b6	1. d2 d4 2. g8 f6 3. c2 c4 4. e7 e6 5. b1 c3 6. f8 b4 7. e2 e3 8. e8 g8 9. f1 d3 10. d7 d5 11. g1 f3 12. b7 b6 
163	E53	Nimzo-Indian Defense: Normal Variation, Gligoric System, Keres Variation	rnbq1rk1/p4ppp/1p2pn2/2pp4/1bPP4/2NBPN2/PP3PPP/R1BQ1RK1 w - -	d2d4 g8f6 c2c4 e7e6 b1c3 f8b4 e2e3 e8g8 f1d3 d7d5 g1f3 c7c5 e1g1 b7b6	1. d2 d4 2. g8 f6 3. c2 c4 4. e7 e6 5. b1 c3 6. f8 b4 7. e2 e3 8. e8 g8 9. f1 d3 10. d7 d5 11. g1 f3 12. c7 c5 13. e1 g1 14. b7 b6 
164	E53	Nimzo-Indian Defense: Normal Variation, Gligoric System	r1bq1rk1/pp1n1ppp/4pn2/2pp4/1bPP4/2NBPN2/PP3PPP/R1BQ1RK1 w - -	d2d4 g8f6 c2c4 e7e6 b1c3 f8b4 e2e3 e8g8 f1d3 d7d5 g1f3 c7c5 e1g1 b8d7	1. d2 d4 2. g8 f6 3. c2 c4 4. e7 e6 5. b1 c3 6. f8 b4 7. e2 e3 8. e8 g8 9. f1 d3 10. d7 d5 11. g1 f3 12. c7 c5 13. e1 g1 14. b8 d7 
165	E53	Nimzo-Indian Defense: Normal Variation, Gligoric System	rnbq1rk1/pp3ppp/4pn2/2pp4/1bPP4/2NBPN2/PP3PPP/R1BQK2R w KQ -	d2d4 g8f6 c2c4 e7e6 b1c3 f8b4 e2e3 e8g8 f1d3 d7d5 g1f3 c7c5	1. d2 d4 2. g8 f6 3. c2 c4 4. e7 e6 5. b1 c3 6. f8 b4 7. e2 e3 8. e8 g8 9. f1 d3 10. d7 d5 11. g1 f3 12. c7 c5 
166	E54	Nimzo-Indian Defense: Normal Variation, Gligoric System, Exchange at c4	rnbq1rk1/pp3ppp/4pn2/2p5/1bBP4/2N1PN2/PP3PPP/R1BQ1RK1 b - -	d2d4 g8f6 c2c4 e7e6 b1c3 f8b4 e2e3 e8g8 f1d3 d7d5 g1f3 c7c5 e1g1 d5c4 d3c4	1. d2 d4 2. g8 f6 3. c2 c4 4. e7 e6 5. b1 c3 6. f8 b4 7. e2 e3 8. e8 g8 9. f1 d3 10. d7 d5 11. g1 f3 12. c7 c5 13. e1 g1 14. d5 c4 15. d3 c4 
167	E54	Nimzo-Indian Defense: Normal Variation, Gligoric System, Smyslov Variation	rnb2rk1/pp2qppp/4pn2/2p5/1bBP4/2N1PN2/PP3PPP/R1BQ1RK1 w - -	d2d4 g8f6 c2c4 e7e6 b1c3 f8b4 e2e3 e8g8 f1d3 d7d5 g1f3 c7c5 e1g1 d5c4 d3c4 d8e7	1. d2 d4 2. g8 f6 3. c2 c4 4. e7 e6 5. b1 c3 6. f8 b4 7. e2 e3 8. e8 g8 9. f1 d3 10. d7 d5 11. g1 f3 12. c7 c5 13. e1 g1 14. d5 c4 15. d3 c4 16. d8 e7 
168	E55	Nimzo-Indian Defense: Normal Variation, Gligoric System, Bronstein Variation	r1bq1rk1/pp1n1ppp/4pn2/2p5/1bBP4/2N1PN2/PP3PPP/R1BQ1RK1 w - -	d2d4 g8f6 c2c4 e7e6 b1c3 f8b4 e2e3 e8g8 f1d3 d7d5 g1f3 c7c5 e1g1 d5c4 d3c4 b8d7	1. d2 d4 2. g8 f6 3. c2 c4 4. e7 e6 5. b1 c3 6. f8 b4 7. e2 e3 8. e8 g8 9. f1 d3 10. d7 d5 11. g1 f3 12. c7 c5 13. e1 g1 14. d5 c4 15. d3 c4 16. b8 d7 
169	E56	Nimzo-Indian Defense: Normal Variation, Gligoric System, Bernstein Defense	r1bq1rk1/pp3ppp/2n1pn2/2pp4/1bPP4/2NBPN2/PP3PPP/R1BQ1RK1 w - -	d2d4 g8f6 c2c4 e7e6 b1c3 f8b4 e2e3 e8g8 f1d3 d7d5 g1f3 c7c5 e1g1 b8c6	1. d2 d4 2. g8 f6 3. c2 c4 4. e7 e6 5. b1 c3 6. f8 b4 7. e2 e3 8. e8 g8 9. f1 d3 10. d7 d5 11. g1 f3 12. c7 c5 13. e1 g1 14. b8 c6 
170	E58	Nimzo-Indian Defense: Normal Variation, Bernstein Defense, Exchange Line	r1bq1rk1/pp3ppp/2n1pn2/2pp4/2PP4/P1PBPN2/5PPP/R1BQ1RK1 b - -	d2d4 g8f6 c2c4 e7e6 b1c3 f8b4 e2e3 e8g8 f1d3 d7d5 g1f3 c7c5 e1g1 b8c6 a2a3 b4c3 b2c3	1. d2 d4 2. g8 f6 3. c2 c4 4. e7 e6 5. b1 c3 6. f8 b4 7. e2 e3 8. e8 g8 9. f1 d3 10. d7 d5 11. g1 f3 12. c7 c5 13. e1 g1 14. b8 c6 15. a2 a3 16. b4 c3 17. b2 c3 
171	E59	Nimzo-Indian Defense: Normal Variation, Bernstein Defense	r1bq1rk1/pp3ppp/2n1pn2/2p5/2BP4/P1P1PN2/5PPP/R1BQ1RK1 b - -	d2d4 g8f6 c2c4 e7e6 b1c3 f8b4 e2e3 e8g8 f1d3 d7d5 g1f3 c7c5 e1g1 b8c6 a2a3 b4c3 b2c3 d5c4 d3c4	1. d2 d4 2. g8 f6 3. c2 c4 4. e7 e6 5. b1 c3 6. f8 b4 7. e2 e3 8. e8 g8 9. f1 d3 10. d7 d5 11. g1 f3 12. c7 c5 13. e1 g1 14. b8 c6 15. a2 a3 16. b4 c3 17. b2 c3 18. d5 c4 19. d3 c4 
172	E60	Grünfeld Defense: Counterthrust Variation	rnbqk2r/ppp1ppbp/5np1/3p4/2PP4/6P1/PP2PPBP/RNBQK1NR w KQkq -	d2d4 g8f6 c2c4 g7g6 g2g3 f8g7 f1g2 d7d5	1. d2 d4 2. g8 f6 3. c2 c4 4. g7 g6 5. g2 g3 6. f8 g7 7. f1 g2 8. d7 d5 
173	E60	Indian Game: Anti-Grünfeld, Adorjan Gambit	rnbqkb1r/p1pppp1p/5np1/1p1P4/2P5/8/PP2PPPP/RNBQKBNR w KQkq -	d2d4 g8f6 c2c4 g7g6 d4d5 b7b5	1. d2 d4 2. g8 f6 3. c2 c4 4. g7 g6 5. d4 d5 6. b7 b5 
174	E60	Indian Game: Anti-Grünfeld, Advance Variation	rnbqkb1r/pppppp1p/5np1/3P4/2P5/8/PP2PPPP/RNBQKBNR b KQkq -	d2d4 g8f6 c2c4 g7g6 d4d5	1. d2 d4 2. g8 f6 3. c2 c4 4. g7 g6 5. d4 d5 
175	E60	Indian Game: Anti-Grünfeld, Alekhine Variation, Leko Gambit	rnbqkb1r/pppp1p1p/5np1/4p3/2PP4/5P2/PP2P1PP/RNBQKBNR w KQkq -	d2d4 g8f6 c2c4 g7g6 f2f3 e7e5	1. d2 d4 2. g8 f6 3. c2 c4 4. g7 g6 5. f2 f3 6. e7 e5 
176	E60	Indian Game: Anti-Grünfeld, Alekhine Variation	rnbqkb1r/pppppp1p/5np1/8/2PP4/5P2/PP2P1PP/RNBQKBNR b KQkq -	d2d4 g8f6 c2c4 g7g6 f2f3	1. d2 d4 2. g8 f6 3. c2 c4 4. g7 g6 5. f2 f3 
177	E60	Indian Game: King's Indian Variation, Fianchetto Variation	rnbqk2r/ppppppbp/5np1/8/2PP4/6P1/PP2PPBP/RNBQK1NR b KQkq -	d2d4 g8f6 c2c4 g7g6 g2g3 f8g7 f1g2	1. d2 d4 2. g8 f6 3. c2 c4 4. g7 g6 5. g2 g3 6. f8 g7 7. f1 g2 
178	E60	Indian Game: West Indian Defense	rnbqkb1r/pppppp1p/5np1/8/2PP4/8/PP2PPPP/RNBQKBNR w KQkq -	d2d4 g8f6 c2c4 g7g6	1. d2 d4 2. g8 f6 3. c2 c4 4. g7 g6 
179	E60	King's Indian Defense: Fianchetto Variation, Immediate Fianchetto	rnbqkb1r/pppppp1p/5np1/8/2PP4/6P1/PP2PP1P/RNBQKBNR b KQkq -	d2d4 g8f6 c2c4 g7g6 g2g3	1. d2 d4 2. g8 f6 3. c2 c4 4. g7 g6 5. g2 g3 
180	E60	King's Indian Defense: Fianchetto Variation, Pterodactyl Variation	rnb1k2r/pp1pppbp/5np1/q1p5/2PP4/5NP1/PP2PPBP/RNBQK2R w KQkq -	d2d4 g8f6 g1f3 g7g6 c2c4 f8g7 g2g3 c7c5 f1g2 d8a5	1. d2 d4 2. g8 f6 3. g1 f3 4. g7 g6 5. c2 c4 6. f8 g7 7. g2 g3 8. c7 c5 9. f1 g2 10. d8 a5 
181	E60	King's Indian Defense: Fianchetto Variation, Yugoslav System	rnbq1rk1/pp2ppbp/3p1np1/2p5/2PP4/5NP1/PP2PPBP/RNBQ1RK1 w - -	d2d4 g8f6 c2c4 g7g6 g1f3 f8g7 g2g3 e8g8 f1g2 d7d6 e1g1 c7c5	1. d2 d4 2. g8 f6 3. c2 c4 4. g7 g6 5. g1 f3 6. f8 g7 7. g2 g3 8. e8 g8 9. f1 g2 10. d7 d6 11. e1 g1 12. c7 c5 
182	E60	King's Indian Defense: Normal Variation, King's Knight Variation	rnbqkb1r/pppppp1p/5np1/8/2PP4/5N2/PP2PPPP/RNBQKB1R b KQkq -	d2d4 g8f6 g1f3 g7g6 c2c4	1. d2 d4 2. g8 f6 3. g1 f3 4. g7 g6 5. c2 c4 
183	E60	King's Indian Defense: Santasiere Variation	rnbqk2r/ppppppbp/5np1/8/1PPP4/5N2/P3PPPP/RNBQKB1R b KQkq -	d2d4 g8f6 c2c4 g7g6 g1f3 f8g7 b2b4	1. d2 d4 2. g8 f6 3. c2 c4 4. g7 g6 5. g1 f3 6. f8 g7 7. b2 b4 
184	E60	King's Indian Defense: Semi-Classical Variation, Benoni Variation	rnbq1rk1/pp2ppbp/2pp1np1/8/2PP4/2N1PN2/PP2BPPP/R1BQK2R w KQ -	c2c4 g8f6 g1f3 g7g6 d2d4 f8g7 b1c3 e8g8 e2e3 d7d6 f1e2 c7c6	1. c2 c4 2. g8 f6 3. g1 f3 4. g7 g6 5. d2 d4 6. f8 g7 7. b1 c3 8. e8 g8 9. e2 e3 10. d7 d6 11. f1 e2 12. c7 c6 
185	E60	King's Indian Defense: Semi-Classical Variation, Hollywood Variation	r1bq1rk1/ppp1ppbp/2np1np1/8/2PP4/2N1PN2/PP2BPPP/R1BQK2R w KQ -	d2d4 g8f6 g1f3 g7g6 c2c4 f8g7 b1c3 e8g8 e2e3 d7d6 f1e2 b8c6	1. d2 d4 2. g8 f6 3. g1 f3 4. g7 g6 5. c2 c4 6. f8 g7 7. b1 c3 8. e8 g8 9. e2 e3 10. d7 d6 11. f1 e2 12. b8 c6 
186	E60	Neo-Grünfeld Defense: Non- or Delayed Fianchetto	rnbqkb1r/ppp1pp1p/5np1/3p4/2PP4/5N2/PP2PPPP/RNBQKB1R w KQkq -	d2d4 g8f6 g1f3 g7g6 c2c4 d7d5	1. d2 d4 2. g8 f6 3. g1 f3 4. g7 g6 5. c2 c4 6. d7 d5 
187	E60	Queen's Pawn, Mengarini Attack	rnbqkb1r/pppppp1p/5np1/8/2PP4/8/PPQ1PPPP/RNB1KBNR b KQkq -	d2d4 g8f6 c2c4 g7g6 d1c2	1. d2 d4 2. g8 f6 3. c2 c4 4. g7 g6 5. d1 c2 
188	E61	King's Indian Defense	rnbqkb1r/pppppp1p/5np1/8/2PP4/2N5/PP2PPPP/R1BQKBNR b KQkq -	d2d4 g8f6 c2c4 g7g6 b1c3	1. d2 d4 2. g8 f6 3. c2 c4 4. g7 g6 5. b1 c3 
189	E61	King's Indian Defense: Semi-Classical Variation, Queenside Storm Line	r1bq1rk1/pppn1pbp/3p1np1/4p3/1PPP4/2N1PN2/P3BPPP/R1BQ1RK1 b - -	d2d4 g8f6 c2c4 g7g6 b1c3 f8g7 g1f3 e8g8 e2e3 d7d6 f1e2 b8d7 e1g1 e7e5 b2b4	1. d2 d4 2. g8 f6 3. c2 c4 4. g7 g6 5. b1 c3 6. f8 g7 7. g1 f3 8. e8 g8 9. e2 e3 10. d7 d6 11. f1 e2 12. b8 d7 13. e1 g1 14. e7 e5 15. b2 b4 
190	E61	King's Indian Defense: Semi-Classical Variation	rnbq1rk1/ppp1ppbp/3p1np1/8/2PP4/2N1PN2/PP2BPPP/R1BQK2R b KQ -	d2d4 g8f6 c2c4 g7g6 b1c3 f8g7 g1f3 e8g8 e2e3 d7d6 f1e2	1. d2 d4 2. g8 f6 3. c2 c4 4. g7 g6 5. b1 c3 6. f8 g7 7. g1 f3 8. e8 g8 9. e2 e3 10. d7 d6 11. f1 e2 
191	E61	King's Indian Defense: Smyslov Variation	rnbqk2r/ppp1ppbp/3p1np1/6B1/2PP4/2N2N2/PP2PPPP/R2QKB1R b KQkq -	d2d4 g8f6 c2c4 g7g6 b1c3 f8g7 g1f3 d7d6 c1g5	1. d2 d4 2. g8 f6 3. c2 c4 4. g7 g6 5. b1 c3 6. f8 g7 7. g1 f3 8. d7 d6 9. c1 g5 
192	E62	King's Indian Defense: Fianchetto Variation, Delayed Fianchetto	rnbqk2r/ppp1ppbp/3p1np1/8/2PP4/2N2NP1/PP2PP1P/R1BQKB1R b KQkq -	d2d4 g8f6 c2c4 g7g6 b1c3 f8g7 g1f3 d7d6 g2g3	1. d2 d4 2. g8 f6 3. c2 c4 4. g7 g6 5. b1 c3 6. f8 g7 7. g1 f3 8. d7 d6 9. g2 g3 
193	E62	King's Indian Defense: Fianchetto Variation, Karlsbad Variation	r1bq1rk1/ppp1ppbp/2np1np1/8/2PP4/2N2NP1/PP2PPBP/R1BQK2R w KQ -	d2d4 g8f6 c2c4 g7g6 g2g3 f8g7 f1g2 e8g8 b1c3 d7d6 g1f3 b8c6	1. d2 d4 2. g8 f6 3. c2 c4 4. g7 g6 5. g2 g3 6. f8 g7 7. f1 g2 8. e8 g8 9. b1 c3 10. d7 d6 11. g1 f3 12. b8 c6 
194	E62	King's Indian Defense: Fianchetto Variation, Kavalek Defense	rnb2rk1/pp2ppbp/2pp1np1/q7/2PP4/2N2NP1/PP2PPBP/R1BQ1RK1 w - -	d2d4 g8f6 c2c4 g7g6 g1f3 f8g7 g2g3 e8g8 f1g2 d7d6 e1g1 c7c6 b1c3 d8a5	1. d2 d4 2. g8 f6 3. c2 c4 4. g7 g6 5. g1 f3 6. f8 g7 7. g2 g3 8. e8 g8 9. f1 g2 10. d7 d6 11. e1 g1 12. c7 c6 13. b1 c3 14. d8 a5 
195	E62	King's Indian Defense: Fianchetto Variation, Larsen Defense	rn1q1rk1/pp2ppbp/2pp1np1/5b2/2PP4/2N2NP1/PP2PPBP/R1BQ1RK1 w - -	d2d4 g8f6 g1f3 g7g6 c2c4 f8g7 g2g3 e8g8 f1g2 d7d6 e1g1 c7c6 b1c3 c8f5	1. d2 d4 2. g8 f6 3. g1 f3 4. g7 g6 5. c2 c4 6. f8 g7 7. g2 g3 8. e8 g8 9. f1 g2 10. d7 d6 11. e1 g1 12. c7 c6 13. b1 c3 14. c8 f5 
196	E62	King's Indian Defense: Fianchetto Variation, Lesser Simagin (Spassky)	r2q1rk1/ppp1ppbp/2np1np1/5b2/2PP4/2N2NP1/PP2PPBP/R1BQ1RK1 w - -	d2d4 g8f6 c2c4 g7g6 g2g3 f8g7 f1g2 e8g8 b1c3 d7d6 g1f3 b8c6 e1g1 c8f5	1. d2 d4 2. g8 f6 3. c2 c4 4. g7 g6 5. g2 g3 6. f8 g7 7. f1 g2 8. e8 g8 9. b1 c3 10. d7 d6 11. g1 f3 12. b8 c6 13. e1 g1 14. c8 f5 
197	E62	King's Indian Defense: Fianchetto Variation, Simagin Variation	r2q1rk1/ppp1ppbp/2np1np1/8/2PP2b1/2N2NP1/PP2PPBP/R1BQ1RK1 w - -	g1f3 g8f6 c2c4 g7g6 g2g3 f8g7 f1g2 e8g8 e1g1 d7d6 d2d4 b8c6 b1c3 c8g4	1. g1 f3 2. g8 f6 3. c2 c4 4. g7 g6 5. g2 g3 6. f8 g7 7. f1 g2 8. e8 g8 9. e1 g1 10. d7 d6 11. d2 d4 12. b8 c6 13. b1 c3 14. c8 g4 
198	E62	King's Indian Defense: Fianchetto Variation, Uhlmann-Szabo System	r1bq1rk1/ppp2pbp/2np1np1/4p3/2PP4/2N2NP1/PP2PPBP/R1BQ1RK1 w - -	d2d4 g8f6 c2c4 g7g6 g1f3 f8g7 g2g3 e8g8 f1g2 d7d6 e1g1 b8c6 b1c3 e7e5	1. d2 d4 2. g8 f6 3. c2 c4 4. g7 g6 5. g1 f3 6. f8 g7 7. g2 g3 8. e8 g8 9. f1 g2 10. d7 d6 11. e1 g1 12. b8 c6 13. b1 c3 14. e7 e5 
199	E63	King's Indian Defense: Fianchetto Variation, Panno Variation, Blockade Line	r1bq1rk1/1p3pbp/p2p1np1/n1pPp3/2P5/2N3P1/PPQNPPBP/R1B2RK1 w - e6	d2d4 g8f6 c2c4 g7g6 g1f3 f8g7 g2g3 e8g8 f1g2 d7d6 e1g1 b8c6 b1c3 a7a6 d4d5 c6a5 f3d2 c7c5 d1c2 e7e5	1. d2 d4 2. g8 f6 3. c2 c4 4. g7 g6 5. g1 f3 6. f8 g7 7. g2 g3 8. e8 g8 9. f1 g2 10. d7 d6 11. e1 g1 12. b8 c6 13. b1 c3 14. a7 a6 15. d4 d5 16. c6 a5 17. f3 d2 18. c7 c5 19. d1 c2 20. e7 e5 
200	E63	King's Indian Defense: Fianchetto Variation, Panno Variation, Donner Line	1rbq1rk1/4pp1p/p2p1npb/n1pP4/2P5/2N3P1/PBQNPPBP/R4RK1 w - -	d2d4 g8f6 c2c4 g7g6 g1f3 f8g7 g2g3 e8g8 f1g2 d7d6 e1g1 b8c6 b1c3 a7a6 d4d5 c6a5 f3d2 c7c5 d1c2 a8b8 b2b3 b7b5 c1b2 b5c4 b3c4 g7h6	1. d2 d4 2. g8 f6 3. c2 c4 4. g7 g6 5. g1 f3 6. f8 g7 7. g2 g3 8. e8 g8 9. f1 g2 10. d7 d6 11. e1 g1 12. b8 c6 13. b1 c3 14. a7 a6 15. d4 d5 16. c6 a5 17. f3 d2 18. c7 c5 19. d1 c2 20. a8 b8 21. b2 b3 22. b7 b5 23. c1 b2 24. b5 c4 25. b3 c4 26. g7 h6 
201	E63	King's Indian Defense: Fianchetto Variation, Panno Variation, Korchnoi Line	1rbq1rk1/2p1ppbp/p1np1np1/1p6/2PP4/2N1B1PP/PP1NPPB1/R2Q1RK1 b - -	d2d4 g8f6 c2c4 g7g6 g1f3 f8g7 g2g3 e8g8 f1g2 d7d6 e1g1 b8c6 b1c3 a7a6 h2h3 a8b8 c1e3 b7b5 f3d2	1. d2 d4 2. g8 f6 3. c2 c4 4. g7 g6 5. g1 f3 6. f8 g7 7. g2 g3 8. e8 g8 9. f1 g2 10. d7 d6 11. e1 g1 12. b8 c6 13. b1 c3 14. a7 a6 15. h2 h3 16. a8 b8 17. c1 e3 18. b7 b5 19. f3 d2 
202	E63	King's Indian Defense: Fianchetto Variation, Panno Variation	r1bq1rk1/1pp1ppbp/p1np1np1/8/2PP4/2N2NP1/PP2PPBP/R1BQ1RK1 w - -	d2d4 g8f6 c2c4 g7g6 g1f3 f8g7 g2g3 e8g8 f1g2 d7d6 e1g1 b8c6 b1c3 a7a6	1. d2 d4 2. g8 f6 3. c2 c4 4. g7 g6 5. g1 f3 6. f8 g7 7. g2 g3 8. e8 g8 9. f1 g2 10. d7 d6 11. e1 g1 12. b8 c6 13. b1 c3 14. a7 a6 
203	E64	King's Indian Defense: Fianchetto Variation, Yugoslav Variation, Rare Line	rnbq1rk1/pp2ppbp/3p1np1/2p5/2PP4/2N2NP1/PP2PPBP/R1BQK2R w KQ -	d2d4 g8f6 c2c4 g7g6 g2g3 f8g7 f1g2 e8g8 b1c3 d7d6 g1f3 c7c5	1. d2 d4 2. g8 f6 3. c2 c4 4. g7 g6 5. g2 g3 6. f8 g7 7. f1 g2 8. e8 g8 9. b1 c3 10. d7 d6 11. g1 f3 12. c7 c5 
204	E65	King's Indian Defense: Fianchetto Variation, Yugoslav Variation, Exchange Line	r1bq1rk1/pp2ppbp/2n2np1/2p5/2P5/2N2NP1/PP2PPBP/R1BQ1RK1 w - -	g1f3 g8f6 c2c4 g7g6 g2g3 f8g7 f1g2 e8g8 e1g1 c7c5 d2d4 d7d6 b1c3 b8c6 d4c5 d6c5	1. g1 f3 2. g8 f6 3. c2 c4 4. g7 g6 5. g2 g3 6. f8 g7 7. f1 g2 8. e8 g8 9. e1 g1 10. c7 c5 11. d2 d4 12. d7 d6 13. b1 c3 14. b8 c6 15. d4 c5 16. d6 c5 
205	E65	King's Indian Defense: Fianchetto Variation, Yugoslav Variation	rnbq1rk1/pp2ppbp/3p1np1/2p5/2PP4/2N2NP1/PP2PPBP/R1BQ1RK1 b - -	d2d4 g8f6 c2c4 g7g6 g1f3 f8g7 g2g3 e8g8 f1g2 d7d6 e1g1 c7c5 b1c3	1. d2 d4 2. g8 f6 3. c2 c4 4. g7 g6 5. g1 f3 6. f8 g7 7. g2 g3 8. e8 g8 9. f1 g2 10. d7 d6 11. e1 g1 12. c7 c5 13. b1 c3 
206	E66	King's Indian Defense: Fianchetto Variation, Yugoslav Variation, Advance Line	r1bq1rk1/pp2ppbp/2np1np1/2pP4/2P5/2N2NP1/PP2PPBP/R1BQ1RK1 b - -	d2d4 g8f6 c2c4 g7g6 g1f3 f8g7 g2g3 e8g8 f1g2 d7d6 e1g1 c7c5 b1c3 b8c6 d4d5	1. d2 d4 2. g8 f6 3. c2 c4 4. g7 g6 5. g1 f3 6. f8 g7 7. g2 g3 8. e8 g8 9. f1 g2 10. d7 d6 11. e1 g1 12. c7 c5 13. b1 c3 14. b8 c6 15. d4 d5 
207	E67	King's Indian Defense: Fianchetto Variation, Classical Fianchetto	r1bq1rk1/pppn1pbp/3p1np1/4p3/2PP4/2N2NP1/PP2PPBP/R1BQ1RK1 w - -	d2d4 g8f6 c2c4 g7g6 g1f3 f8g7 g2g3 e8g8 f1g2 d7d6 e1g1 b8d7 b1c3 e7e5	1. d2 d4 2. g8 f6 3. c2 c4 4. g7 g6 5. g1 f3 6. f8 g7 7. g2 g3 8. e8 g8 9. f1 g2 10. d7 d6 11. e1 g1 12. b8 d7 13. b1 c3 14. e7 e5 
208	E67	King's Indian Defense: Fianchetto Variation, Debrecen Defense	r1bq1rk1/pppnppbp/3p1np1/8/2PP4/2N2NP1/PP2PPBP/R1BQK2R w KQ -	d2d4 g8f6 c2c4 g7g6 g2g3 f8g7 f1g2 e8g8 b1c3 d7d6 g1f3 b8d7	1. d2 d4 2. g8 f6 3. c2 c4 4. g7 g6 5. g2 g3 6. f8 g7 7. f1 g2 8. e8 g8 9. b1 c3 10. d7 d6 11. g1 f3 12. b8 d7 
209	E67	King's Indian Defense: Fianchetto Variation, Double Fianchetto Attack	r1bq1rk1/pppn1pbp/3p1np1/4p3/2PP4/1PN2NP1/P3PPBP/R1BQ1RK1 b - -	d2d4 g8f6 g1f3 g7g6 g2g3 f8g7 f1g2 e8g8 e1g1 d7d6 c2c4 b8d7 b1c3 e7e5 b2b3	1. d2 d4 2. g8 f6 3. g1 f3 4. g7 g6 5. g2 g3 6. f8 g7 7. f1 g2 8. e8 g8 9. e1 g1 10. d7 d6 11. c2 c4 12. b8 d7 13. b1 c3 14. e7 e5 15. b2 b3 
210	E67	King's Indian Defense: Fianchetto Variation, Hungarian Variation	r1bq1rk1/1ppnppbp/p2p1np1/8/2PP4/2N2NP1/PP2PPBP/R1BQ1RK1 w - -	c2c4 g8f6 b1c3 g7g6 g2g3 f8g7 f1g2 e8g8 d2d4 d7d6 g1f3 b8d7 e1g1 a7a6	1. c2 c4 2. g8 f6 3. b1 c3 4. g7 g6 5. g2 g3 6. f8 g7 7. f1 g2 8. e8 g8 9. d2 d4 10. d7 d6 11. g1 f3 12. b8 d7 13. e1 g1 14. a7 a6 
211	E68	King's Indian Defense: Fianchetto Variation, Long Variation	r1bqr1k1/1pp2pbp/3p1np1/p1n5/2PNP3/2N3PP/PP3PB1/R1BQR1K1 w - -	d2d4 g8f6 g1f3 g7g6 c2c4 f8g7 g2g3 e8g8 f1g2 d7d6 e1g1 b8d7 b1c3 e7e5 e2e4 e5d4 f3d4 f8e8 h2h3 d7c5 f1e1 a7a5	1. d2 d4 2. g8 f6 3. g1 f3 4. g7 g6 5. c2 c4 6. f8 g7 7. g2 g3 8. e8 g8 9. f1 g2 10. d7 d6 11. e1 g1 12. b8 d7 13. b1 c3 14. e7 e5 15. e2 e4 16. e5 d4 17. f3 d4 18. f8 e8 19. h2 h3 20. d7 c5 21. f1 e1 22. a7 a5 
212	E68	King's Indian, Fianchetto, Classical Variation	r1bq1rk1/pppn1pbp/3p1np1/4p3/2PPP3/2N2NP1/PP3PBP/R1BQ1RK1 b - -	d2d4 g8f6 c2c4 g7g6 g1f3 f8g7 g2g3 e8g8 f1g2 d7d6 e1g1 b8d7 b1c3 e7e5 e2e4	1. d2 d4 2. g8 f6 3. c2 c4 4. g7 g6 5. g1 f3 6. f8 g7 7. g2 g3 8. e8 g8 9. f1 g2 10. d7 d6 11. e1 g1 12. b8 d7 13. b1 c3 14. e7 e5 15. e2 e4 
213	E69	King's Indian Defense: Fianchetto Variation, Classical Main Line	r1bq1rk1/pp1n1pbp/2pp1np1/4p3/2PPP3/2N2NPP/PP3PB1/R1BQ1RK1 b - -	d2d4 g8f6 c2c4 g7g6 g1f3 f8g7 g2g3 e8g8 f1g2 d7d6 e1g1 b8d7 b1c3 e7e5 e2e4 c7c6 h2h3	1. d2 d4 2. g8 f6 3. c2 c4 4. g7 g6 5. g1 f3 6. f8 g7 7. g2 g3 8. e8 g8 9. f1 g2 10. d7 d6 11. e1 g1 12. b8 d7 13. b1 c3 14. e7 e5 15. e2 e4 16. c7 c6 17. h2 h3 
214	E70	King's Indian Defense: Accelerated Averbakh Variation	rnbqk2r/ppp1ppbp/3p1np1/6B1/2PPP3/2N5/PP3PPP/R2QKBNR b KQkq -	d2d4 g8f6 c2c4 g7g6 b1c3 f8g7 e2e4 d7d6 c1g5	1. d2 d4 2. g8 f6 3. c2 c4 4. g7 g6 5. b1 c3 6. f8 g7 7. e2 e4 8. d7 d6 9. c1 g5 
215	E70	King's Indian Defense: Kramer Variation	rnbqk2r/ppp1ppbp/3p1np1/8/2PPP3/2N5/PP2NPPP/R1BQKB1R b KQkq -	d2d4 g8f6 c2c4 g7g6 b1c3 f8g7 e2e4 d7d6 g1e2	1. d2 d4 2. g8 f6 3. c2 c4 4. g7 g6 5. b1 c3 6. f8 g7 7. e2 e4 8. d7 d6 9. g1 e2 
216	E70	King's Indian Defense: Normal Variation	rnbqk2r/ppp1ppbp/3p1np1/8/2PPP3/2N5/PP3PPP/R1BQKBNR w KQkq -	d2d4 g8f6 c2c4 g7g6 b1c3 f8g7 e2e4 d7d6	1. d2 d4 2. g8 f6 3. c2 c4 4. g7 g6 5. b1 c3 6. f8 g7 7. e2 e4 8. d7 d6 
217	E70	King's Indian Defense: Normal Variation	rnbqk2r/ppppppbp/5np1/8/2PPP3/2N5/PP3PPP/R1BQKBNR b KQkq -	d2d4 g8f6 c2c4 g7g6 b1c3 f8g7 e2e4	1. d2 d4 2. g8 f6 3. c2 c4 4. g7 g6 5. b1 c3 6. f8 g7 7. e2 e4 
218	E71	King's Indian Defense: Makogonov Variation	rnbqk2r/ppp1ppbp/3p1np1/8/2PPP3/2N4P/PP3PP1/R1BQKBNR b KQkq -	d2d4 g8f6 c2c4 g7g6 b1c3 f8g7 e2e4 d7d6 h2h3	1. d2 d4 2. g8 f6 3. c2 c4 4. g7 g6 5. b1 c3 6. f8 g7 7. e2 e4 8. d7 d6 9. h2 h3 
219	E72	King's Indian Defense: Normal Variation, Deferred Fianchetto	rnbqk2r/ppp1ppbp/3p1np1/8/2PPP3/2N3P1/PP3P1P/R1BQKBNR b KQkq -	d2d4 g8f6 c2c4 g7g6 b1c3 f8g7 e2e4 d7d6 g2g3	1. d2 d4 2. g8 f6 3. c2 c4 4. g7 g6 5. b1 c3 6. f8 g7 7. e2 e4 8. d7 d6 9. g2 g3 
220	E72	King's Indian Defense: Pomar System	rnbq1rk1/ppp2pbp/3p1np1/4p3/2PPP3/2N3P1/PP2NPBP/R1BQK2R b KQ -	d2d4 g8f6 c2c4 g7g6 b1c3 f8g7 e2e4 d7d6 g2g3 e8g8 f1g2 e7e5 g1e2	1. d2 d4 2. g8 f6 3. c2 c4 4. g7 g6 5. b1 c3 6. f8 g7 7. e2 e4 8. d7 d6 9. g2 g3 10. e8 g8 11. f1 g2 12. e7 e5 13. g1 e2 
221	E73	King's Indian Defense: Averbakh Variation, Flexible Defense	rnbq1rk1/ppp1ppb1/3p1npp/6B1/2PPP3/2N5/PP2BPPP/R2QK1NR w KQ -	d2d4 g8f6 c2c4 g7g6 b1c3 f8g7 e2e4 d7d6 f1e2 e8g8 c1g5 h7h6	1. d2 d4 2. g8 f6 3. c2 c4 4. g7 g6 5. b1 c3 6. f8 g7 7. e2 e4 8. d7 d6 9. f1 e2 10. e8 g8 11. c1 g5 12. h7 h6 
222	E73	King's Indian Defense: Averbakh Variation, Geller Defense	r1bq1rk1/pppnppbp/3p1np1/6B1/2PPP3/2N5/PP2BPPP/R2QK1NR w KQ -	d2d4 g8f6 c2c4 g7g6 b1c3 f8g7 e2e4 d7d6 f1e2 e8g8 c1g5 b8d7	1. d2 d4 2. g8 f6 3. c2 c4 4. g7 g6 5. b1 c3 6. f8 g7 7. e2 e4 8. d7 d6 9. f1 e2 10. e8 g8 11. c1 g5 12. b8 d7 
223	E73	King's Indian Defense: Averbakh Variation, Modern Defense, Burgess Line	r1bq1rk1/pp2ppbp/n1pp1np1/6B1/2PPP3/2N5/PP1QBPPP/R3K1NR w KQ -	d2d4 g8f6 c2c4 g7g6 b1c3 f8g7 e2e4 d7d6 f1e2 e8g8 c1g5 b8a6 d1d2 c7c6	1. d2 d4 2. g8 f6 3. c2 c4 4. g7 g6 5. b1 c3 6. f8 g7 7. e2 e4 8. d7 d6 9. f1 e2 10. e8 g8 11. c1 g5 12. b8 a6 13. d1 d2 14. c7 c6 
224	E73	King's Indian Defense: Averbakh Variation, Modern Defense	r1bq1rk1/ppp1ppbp/n2p1np1/6B1/2PPP3/2N5/PP2BPPP/R2QK1NR w KQ -	d2d4 g8f6 c2c4 g7g6 b1c3 f8g7 e2e4 d7d6 f1e2 e8g8 c1g5 b8a6	1. d2 d4 2. g8 f6 3. c2 c4 4. g7 g6 5. b1 c3 6. f8 g7 7. e2 e4 8. d7 d6 9. f1 e2 10. e8 g8 11. c1 g5 12. b8 a6 
225	E73	King's Indian Defense: Averbakh Variation, Nc6 Defense	r1bq1rk1/ppp1ppbp/2np1np1/6B1/2PPP3/2N5/PP2BPPP/R2QK1NR w KQ -	d2d4 g8f6 c2c4 g7g6 b1c3 f8g7 e2e4 d7d6 f1e2 e8g8 c1g5 b8c6	1. d2 d4 2. g8 f6 3. c2 c4 4. g7 g6 5. b1 c3 6. f8 g7 7. e2 e4 8. d7 d6 9. f1 e2 10. e8 g8 11. c1 g5 12. b8 c6 
226	E73	King's Indian Defense: Averbakh Variation	rnbq1rk1/ppp1ppbp/3p1np1/6B1/2PPP3/2N5/PP2BPPP/R2QK1NR b KQ -	d2d4 g8f6 c2c4 g7g6 b1c3 f8g7 e2e4 d7d6 f1e2 e8g8 c1g5	1. d2 d4 2. g8 f6 3. c2 c4 4. g7 g6 5. b1 c3 6. f8 g7 7. e2 e4 8. d7 d6 9. f1 e2 10. e8 g8 11. c1 g5 
227	E73	King's Indian Defense: Averbakh Variation, Spanish Defense	rnbq1rk1/1pp1ppbp/p2p1np1/6B1/2PPP3/2N5/PP2BPPP/R2QK1NR w KQ -	d2d4 g8f6 c2c4 g7g6 b1c3 f8g7 e2e4 d7d6 f1e2 e8g8 c1g5 a7a6	1. d2 d4 2. g8 f6 3. c2 c4 4. g7 g6 5. b1 c3 6. f8 g7 7. e2 e4 8. d7 d6 9. f1 e2 10. e8 g8 11. c1 g5 12. a7 a6 
228	E73	King's Indian Defense: Normal Variation, Standard Development	rnbqk2r/ppp1ppbp/3p1np1/8/2PPP3/2N5/PP2BPPP/R1BQK1NR b KQkq -	d2d4 g8f6 c2c4 g7g6 b1c3 f8g7 e2e4 d7d6 f1e2	1. d2 d4 2. g8 f6 3. c2 c4 4. g7 g6 5. b1 c3 6. f8 g7 7. e2 e4 8. d7 d6 9. f1 e2 
229	E73	King's Indian Defense: Semi-Averbakh System	rnbq1rk1/ppp1ppbp/3p1np1/8/2PPP3/2N1B3/PP2BPPP/R2QK1NR b KQ -	d2d4 g8f6 c2c4 g7g6 b1c3 f8g7 e2e4 d7d6 f1e2 e8g8 c1e3	1. d2 d4 2. g8 f6 3. c2 c4 4. g7 g6 5. b1 c3 6. f8 g7 7. e2 e4 8. d7 d6 9. f1 e2 10. e8 g8 11. c1 e3 
230	E74	King's Indian Defense: Averbakh Variation, Benoni Defense, Advance Variation	rnbq1rk1/pp2ppbp/3p1np1/2pP2B1/2P1P3/2N5/PP2BPPP/R2QK1NR b KQ -	d2d4 g8f6 c2c4 g7g6 b1c3 f8g7 e2e4 d7d6 f1e2 e8g8 c1g5 c7c5 d4d5	1. d2 d4 2. g8 f6 3. c2 c4 4. g7 g6 5. b1 c3 6. f8 g7 7. e2 e4 8. d7 d6 9. f1 e2 10. e8 g8 11. c1 g5 12. c7 c5 13. d4 d5 
231	E74	King's Indian Defense: Averbakh Variation, Benoni Defense, Exchange Variation	rnbq1rk1/pp2ppbp/3p1np1/2P3B1/2P1P3/2N5/PP2BPPP/R2QK1NR b KQ -	d2d4 g8f6 c2c4 g7g6 b1c3 f8g7 e2e4 d7d6 f1e2 e8g8 c1g5 c7c5 d4c5	1. d2 d4 2. g8 f6 3. c2 c4 4. g7 g6 5. b1 c3 6. f8 g7 7. e2 e4 8. d7 d6 9. f1 e2 10. e8 g8 11. c1 g5 12. c7 c5 13. d4 c5 
232	E74	King's Indian Defense: Averbakh Variation, Benoni Defense	rnbq1rk1/pp2ppbp/3p1np1/2p3B1/2PPP3/2N5/PP2BPPP/R2QK1NR w KQ -	d2d4 g8f6 c2c4 g7g6 b1c3 f8g7 e2e4 d7d6 f1e2 e8g8 c1g5 c7c5	1. d2 d4 2. g8 f6 3. c2 c4 4. g7 g6 5. b1 c3 6. f8 g7 7. e2 e4 8. d7 d6 9. f1 e2 10. e8 g8 11. c1 g5 12. c7 c5 
233	E75	King's Indian, Averbakh, Main Line	rnbq1rk1/pp3pbp/3ppnp1/2pP2B1/2P1P3/2N5/PP2BPPP/R2QK1NR w KQ -	d2d4 g8f6 c2c4 g7g6 b1c3 f8g7 e2e4 d7d6 f1e2 e8g8 c1g5 c7c5 d4d5 e7e6	1. d2 d4 2. g8 f6 3. c2 c4 4. g7 g6 5. b1 c3 6. f8 g7 7. e2 e4 8. d7 d6 9. f1 e2 10. e8 g8 11. c1 g5 12. c7 c5 13. d4 d5 14. e7 e6 
234	E76	King's Indian Defense: Four Pawns Attack, Dynamic Attack	rnbq1rk1/pp2ppbp/3p1np1/2pP4/2P1PP2/2N2N2/PP4PP/R1BQKB1R b KQ -	d2d4 g8f6 c2c4 g7g6 b1c3 f8g7 e2e4 d7d6 f2f4 e8g8 g1f3 c7c5 d4d5	1. d2 d4 2. g8 f6 3. c2 c4 4. g7 g6 5. b1 c3 6. f8 g7 7. e2 e4 8. d7 d6 9. f2 f4 10. e8 g8 11. g1 f3 12. c7 c5 13. d4 d5 
235	E76	King's Indian Defense: Four Pawns Attack, Modern Defense	r1bqk2r/ppp1ppbp/n2p1np1/8/2PPPP2/2N5/PP4PP/R1BQKBNR w KQkq -	d2d4 g8f6 c2c4 g7g6 b1c3 f8g7 e2e4 d7d6 f2f4 b8a6	1. d2 d4 2. g8 f6 3. c2 c4 4. g7 g6 5. b1 c3 6. f8 g7 7. e2 e4 8. d7 d6 9. f2 f4 10. b8 a6 
236	E76	King's Indian Defense: Four Pawns Attack	rnbqk2r/ppp1ppbp/3p1np1/8/2PPPP2/2N5/PP4PP/R1BQKBNR b KQkq -	d2d4 g8f6 c2c4 g7g6 b1c3 f8g7 e2e4 d7d6 f2f4	1. d2 d4 2. g8 f6 3. c2 c4 4. g7 g6 5. b1 c3 6. f8 g7 7. e2 e4 8. d7 d6 9. f2 f4 
237	E77	King's Indian Defense: Four Pawns Attack, Florentine Gambit	rnbq1rk1/pp3pbp/3p1np1/2ppP3/2P2P2/2N2N2/PP2B1PP/R1BQK2R b KQ -	d2d4 g8f6 c2c4 g7g6 b1c3 f8g7 e2e4 d7d6 f2f4 e8g8 g1f3 c7c5 d4d5 e7e6 f1e2 e6d5 e4e5	1. d2 d4 2. g8 f6 3. c2 c4 4. g7 g6 5. b1 c3 6. f8 g7 7. e2 e4 8. d7 d6 9. f2 f4 10. e8 g8 11. g1 f3 12. c7 c5 13. d4 d5 14. e7 e6 15. f1 e2 16. e6 d5 17. e4 e5 
238	E77	King's Indian Defense: Four Pawns Attack, Normal Attack	rnbq1rk1/pp3pbp/3ppnp1/2pP4/2P1PP2/2N2N2/PP2B1PP/R1BQK2R b KQ -	d2d4 g8f6 c2c4 g7g6 b1c3 f8g7 e2e4 d7d6 f2f4 e8g8 g1f3 c7c5 d4d5 e7e6 f1e2	1. d2 d4 2. g8 f6 3. c2 c4 4. g7 g6 5. b1 c3 6. f8 g7 7. e2 e4 8. d7 d6 9. f2 f4 10. e8 g8 11. g1 f3 12. c7 c5 13. d4 d5 14. e7 e6 15. f1 e2 
239	E77	King's Indian Defense: Four Pawns Attack	rnbq1rk1/ppp1ppbp/3p1np1/8/2PPPP2/2N5/PP2B1PP/R1BQK1NR b KQ -	d2d4 g8f6 c2c4 g7g6 b1c3 f8g7 e2e4 d7d6 f1e2 e8g8 f2f4	1. d2 d4 2. g8 f6 3. c2 c4 4. g7 g6 5. b1 c3 6. f8 g7 7. e2 e4 8. d7 d6 9. f1 e2 10. e8 g8 11. f2 f4 
240	E77	King's Indian, Six Pawns Attack	r1bq1rk1/pp4bp/2nppnp1/2p5/2P1PPPP/2N5/PP2B3/R1BQK1NR b KQ -	d2d4 g8f6 c2c4 g7g6 b1c3 f8g7 e2e4 d7d6 f2f4 e8g8 f1e2 c7c5 d4d5 e7e6 d5e6 f7e6 g2g4 b8c6 h2h4	1. d2 d4 2. g8 f6 3. c2 c4 4. g7 g6 5. b1 c3 6. f8 g7 7. e2 e4 8. d7 d6 9. f2 f4 10. e8 g8 11. f1 e2 12. c7 c5 13. d4 d5 14. e7 e6 15. d5 e6 16. f7 e6 17. g2 g4 18. b8 c6 19. h2 h4 
241	E78	King's Indian Defense: Four Pawns Attack, Fluid Attack	rnbq1rk1/pp2ppbp/3p1np1/2p5/2PPPP2/2N2N2/PP2B1PP/R1BQK2R b KQ -	d2d4 g8f6 c2c4 g7g6 b1c3 f8g7 e2e4 d7d6 f2f4 e8g8 g1f3 c7c5 f1e2	1. d2 d4 2. g8 f6 3. c2 c4 4. g7 g6 5. b1 c3 6. f8 g7 7. e2 e4 8. d7 d6 9. f2 f4 10. e8 g8 11. g1 f3 12. c7 c5 13. f1 e2 
242	E79	King's Indian Defense: Four Pawns Attack, Exchange Variation	r1bq1rk1/pp2ppbp/2np1np1/8/2PNPP2/2N1B3/PP2B1PP/R2QK2R b KQ -	d2d4 g8f6 c2c4 g7g6 b1c3 f8g7 e2e4 d7d6 f2f4 e8g8 g1f3 c7c5 f1e2 c5d4 f3d4 b8c6 c1e3	1. d2 d4 2. g8 f6 3. c2 c4 4. g7 g6 5. b1 c3 6. f8 g7 7. e2 e4 8. d7 d6 9. f2 f4 10. e8 g8 11. g1 f3 12. c7 c5 13. f1 e2 14. c5 d4 15. f3 d4 16. b8 c6 17. c1 e3 
243	E80	King's Indian Defense: Sämisch Variation	rnbqk2r/ppp1ppbp/3p1np1/8/2PPP3/2N2P2/PP4PP/R1BQKBNR b KQkq -	d2d4 g8f6 c2c4 g7g6 b1c3 f8g7 e2e4 d7d6 f2f3	1. d2 d4 2. g8 f6 3. c2 c4 4. g7 g6 5. b1 c3 6. f8 g7 7. e2 e4 8. d7 d6 9. f2 f3 
244	E81	King's Indian Defense: Sämisch Variation, Bobotsov-Korchnoi-Petrosian Variation	rnbq1rk1/ppp1ppbp/3p1np1/8/2PPP3/2N2P2/PP2N1PP/R1BQKB1R b KQ -	d2d4 g8f6 c2c4 g7g6 b1c3 f8g7 e2e4 d7d6 f2f3 e8g8 g1e2	1. d2 d4 2. g8 f6 3. c2 c4 4. g7 g6 5. b1 c3 6. f8 g7 7. e2 e4 8. d7 d6 9. f2 f3 10. e8 g8 11. g1 e2 
245	E81	King's Indian Defense: Sämisch Variation, Byrne Defense	rnbq1rk1/1p2ppbp/p1pp1np1/8/2PPP3/2NBBP2/PP4PP/R2QK1NR w KQ -	d2d4 g8f6 c2c4 g7g6 b1c3 f8g7 e2e4 d7d6 f2f3 e8g8 c1e3 c7c6 f1d3 a7a6	1. d2 d4 2. g8 f6 3. c2 c4 4. g7 g6 5. b1 c3 6. f8 g7 7. e2 e4 8. d7 d6 9. f2 f3 10. e8 g8 11. c1 e3 12. c7 c6 13. f1 d3 14. a7 a6 
246	E81	King's Indian Defense: Sämisch Variation, Normal Defense	rnbq1rk1/ppp1ppbp/3p1np1/8/2PPP3/2N2P2/PP4PP/R1BQKBNR w KQ -	d2d4 g8f6 c2c4 g7g6 b1c3 f8g7 e2e4 d7d6 f2f3 e8g8	1. d2 d4 2. g8 f6 3. c2 c4 4. g7 g6 5. b1 c3 6. f8 g7 7. e2 e4 8. d7 d6 9. f2 f3 10. e8 g8 
247	E81	King's Indian Defense: Steiner Attack	rnbq1rk1/ppp1ppbp/3p1np1/6B1/2PPP3/2N2P2/PP4PP/R2QKBNR b KQ -	d2d4 g8f6 c2c4 g7g6 b1c3 f8g7 e2e4 d7d6 f2f3 e8g8 c1g5	1. d2 d4 2. g8 f6 3. c2 c4 4. g7 g6 5. b1 c3 6. f8 g7 7. e2 e4 8. d7 d6 9. f2 f3 10. e8 g8 11. c1 g5 
248	E82	King's Indian Defense: Sämisch Variation, Double Fianchetto	rnbq1rk1/p1p1ppbp/1p1p1np1/8/2PPP3/2N1BP2/PP4PP/R2QKBNR w KQ -	d2d4 g8f6 c2c4 g7g6 b1c3 f8g7 e2e4 d7d6 f2f3 e8g8 c1e3 b7b6	1. d2 d4 2. g8 f6 3. c2 c4 4. g7 g6 5. b1 c3 6. f8 g7 7. e2 e4 8. d7 d6 9. f2 f3 10. e8 g8 11. c1 e3 12. b7 b6 
249	E83	King's Indian Defense: Sämisch Variation, Panno Formation	r1bq1rk1/1pp1ppbp/p1np1np1/8/2PPP3/2N1BP2/PP2N1PP/R2QKB1R w KQ -	d2d4 g8f6 c2c4 g7g6 b1c3 f8g7 e2e4 d7d6 f2f3 e8g8 c1e3 b8c6 g1e2 a7a6	1. d2 d4 2. g8 f6 3. c2 c4 4. g7 g6 5. b1 c3 6. f8 g7 7. e2 e4 8. d7 d6 9. f2 f3 10. e8 g8 11. c1 e3 12. b8 c6 13. g1 e2 14. a7 a6 
250	E83	King's Indian Defense: Sämisch Variation, Yates Defense	r1bq1rk1/ppp1ppbp/2np1np1/8/2PPP3/2N1BP2/PP4PP/R2QKBNR w KQ -	d2d4 g8f6 c2c4 g7g6 b1c3 f8g7 e2e4 d7d6 f2f3 e8g8 c1e3 b8c6	1. d2 d4 2. g8 f6 3. c2 c4 4. g7 g6 5. b1 c3 6. f8 g7 7. e2 e4 8. d7 d6 9. f2 f3 10. e8 g8 11. c1 e3 12. b8 c6 
251	E83	King's Indian, Sämisch, Ruban Variation	1rbq1rk1/ppp1ppbp/2np1np1/8/2PPP3/2N1BP2/PP2N1PP/R2QKB1R w KQ -	d2d4 g8f6 c2c4 g7g6 b1c3 f8g7 e2e4 d7d6 f2f3 e8g8 c1e3 b8c6 g1e2 a8b8	1. d2 d4 2. g8 f6 3. c2 c4 4. g7 g6 5. b1 c3 6. f8 g7 7. e2 e4 8. d7 d6 9. f2 f3 10. e8 g8 11. c1 e3 12. b8 c6 13. g1 e2 14. a8 b8 
252	E84	King's Indian, Sämisch, Panno Main Line	1rbq1rk1/1pp1ppbp/p1np1np1/8/2PPP3/2N1BP2/PP1QN1PP/R3KB1R w KQ -	d2d4 g8f6 c2c4 g7g6 b1c3 f8g7 e2e4 d7d6 f2f3 e8g8 c1e3 b8c6 g1e2 a7a6 d1d2 a8b8	1. d2 d4 2. g8 f6 3. c2 c4 4. g7 g6 5. b1 c3 6. f8 g7 7. e2 e4 8. d7 d6 9. f2 f3 10. e8 g8 11. c1 e3 12. b8 c6 13. g1 e2 14. a7 a6 15. d1 d2 16. a8 b8 
253	E85	King's Indian Defense: Sämisch Variation, Orthodox Variation	rnbq1rk1/ppp2pbp/3p1np1/4p3/2PPP3/2N1BP2/PP4PP/R2QKBNR w KQ -	d2d4 g8f6 c2c4 g7g6 b1c3 f8g7 e2e4 d7d6 f2f3 e8g8 c1e3 e7e5	1. d2 d4 2. g8 f6 3. c2 c4 4. g7 g6 5. b1 c3 6. f8 g7 7. e2 e4 8. d7 d6 9. f2 f3 10. e8 g8 11. c1 e3 12. e7 e5 
254	E86	King's Indian Defense: Sämisch Variation	rnbq1rk1/pp3pbp/2pp1np1/4p3/2PPP3/2N1BP2/PP2N1PP/R2QKB1R w KQ -	d2d4 g8f6 c2c4 g7g6 b1c3 f8g7 e2e4 d7d6 f2f3 e8g8 c1e3 e7e5 g1e2 c7c6	1. d2 d4 2. g8 f6 3. c2 c4 4. g7 g6 5. b1 c3 6. f8 g7 7. e2 e4 8. d7 d6 9. f2 f3 10. e8 g8 11. c1 e3 12. e7 e5 13. g1 e2 14. c7 c6 
255	E87	King's Indian Defense: Sämisch Variation, Bronstein Defense	rnb2rk1/ppp2pbp/3p2p1/3Pp3/2P1P2Q/2N1nP2/PP2K2P/R5NR b - -	d2d4 g8f6 c2c4 g7g6 b1c3 f8g7 e2e4 d7d6 f2f3 e8g8 c1e3 e7e5 d4d5 f6h5 d1d2 d8h4 g2g3 h5g3 d2f2 g3f1 f2h4 f1e3 e1e2	1. d2 d4 2. g8 f6 3. c2 c4 4. g7 g6 5. b1 c3 6. f8 g7 7. e2 e4 8. d7 d6 9. f2 f3 10. e8 g8 11. c1 e3 12. e7 e5 13. d4 d5 14. f6 h5 15. d1 d2 16. d8 h4 17. g2 g3 18. h5 g3 19. d2 f2 20. g3 f1 21. f2 h4 22. f1 e3 23. e1 e2 
256	E87	King's Indian Defense: Sämisch Variation, Closed Variation	rnbq1rk1/ppp2pbp/3p1np1/3Pp3/2P1P3/2N1BP2/PP4PP/R2QKBNR b KQ -	d2d4 g8f6 c2c4 g7g6 b1c3 f8g7 e2e4 d7d6 f2f3 e8g8 c1e3 e7e5 d4d5	1. d2 d4 2. g8 f6 3. c2 c4 4. g7 g6 5. b1 c3 6. f8 g7 7. e2 e4 8. d7 d6 9. f2 f3 10. e8 g8 11. c1 e3 12. e7 e5 13. d4 d5 
257	E87	King's Indian, Sämisch, Orthodox, Bronstein Variation	rnb2rk1/ppp2pbp/3p2p1/3Pp3/2n1P2Q/2N2P2/PP2K2P/R5NR w - -	d2d4 g8f6 c2c4 g7g6 b1c3 f8g7 e2e4 d7d6 f2f3 e8g8 c1e3 e7e5 d4d5 f6h5 d1d2 d8h4 g2g3 h5g3 d2f2 g3f1 f2h4 f1e3 e1e2 e3c4	1. d2 d4 2. g8 f6 3. c2 c4 4. g7 g6 5. b1 c3 6. f8 g7 7. e2 e4 8. d7 d6 9. f2 f3 10. e8 g8 11. c1 e3 12. e7 e5 13. d4 d5 14. f6 h5 15. d1 d2 16. d8 h4 17. g2 g3 18. h5 g3 19. d2 f2 20. g3 f1 21. f2 h4 22. f1 e3 23. e1 e2 24. e3 c4 
258	E89	King's Indian Defense: Sämisch Variation, Closed Variation, Main Line	rnbq1rk1/pp3pbp/3p1np1/3pp3/2P1P3/2N1BP2/PP2N1PP/R2QKB1R w KQ -	d2d4 g8f6 c2c4 g7g6 b1c3 f8g7 e2e4 d7d6 f2f3 e8g8 c1e3 e7e5 g1e2 c7c6 d4d5 c6d5	1. d2 d4 2. g8 f6 3. c2 c4 4. g7 g6 5. b1 c3 6. f8 g7 7. e2 e4 8. d7 d6 9. f2 f3 10. e8 g8 11. c1 e3 12. e7 e5 13. g1 e2 14. c7 c6 15. d4 d5 16. c6 d5 
259	E90	King's Indian Defense: Larsen Variation	rnbq1rk1/ppp1ppbp/3p1np1/8/2PPP3/2N1BN2/PP3PPP/R2QKB1R b KQ -	d2d4 g8f6 c2c4 g7g6 b1c3 f8g7 e2e4 d7d6 g1f3 e8g8 c1e3	1. d2 d4 2. g8 f6 3. c2 c4 4. g7 g6 5. b1 c3 6. f8 g7 7. e2 e4 8. d7 d6 9. g1 f3 10. e8 g8 11. c1 e3 
260	E90	King's Indian Defense: Normal Variation, Rare Defenses	rnbqk2r/ppp1ppbp/3p1np1/8/2PPP3/2N2N2/PP3PPP/R1BQKB1R b KQkq -	d2d4 g8f6 c2c4 g7g6 b1c3 f8g7 e2e4 d7d6 g1f3	1. d2 d4 2. g8 f6 3. c2 c4 4. g7 g6 5. b1 c3 6. f8 g7 7. e2 e4 8. d7 d6 9. g1 f3 
261	E90	King's Indian Defense: Zinnowitz Variation	rnbq1rk1/ppp1ppbp/3p1np1/6B1/2PPP3/2N2N2/PP3PPP/R2QKB1R b KQ -	g1f3 g8f6 c2c4 g7g6 b1c3 f8g7 e2e4 d7d6 d2d4 e8g8 c1g5	1. g1 f3 2. g8 f6 3. c2 c4 4. g7 g6 5. b1 c3 6. f8 g7 7. e2 e4 8. d7 d6 9. d2 d4 10. e8 g8 11. c1 g5 
262	E91	King's Indian Defense: Kazakh Variation	r1bq1rk1/ppp1ppbp/n2p1np1/8/2PPP3/2N2N2/PP2BPPP/R1BQK2R w KQ -	d2d4 g8f6 c2c4 g7g6 b1c3 f8g7 e2e4 d7d6 g1f3 e8g8 f1e2 b8a6	1. d2 d4 2. g8 f6 3. c2 c4 4. g7 g6 5. b1 c3 6. f8 g7 7. e2 e4 8. d7 d6 9. g1 f3 10. e8 g8 11. f1 e2 12. b8 a6 
263	E91	King's Indian Defense: Orthodox Variation	rnbq1rk1/ppp1ppbp/3p1np1/8/2PPP3/2N2N2/PP2BPPP/R1BQK2R b KQ -	d2d4 g8f6 c2c4 g7g6 b1c3 f8g7 e2e4 d7d6 g1f3 e8g8 f1e2	1. d2 d4 2. g8 f6 3. c2 c4 4. g7 g6 5. b1 c3 6. f8 g7 7. e2 e4 8. d7 d6 9. g1 f3 10. e8 g8 11. f1 e2 
264	E92	King's Indian Defense: Exchange Variation	rnbq1rk1/ppp2pbp/3p1np1/4P3/2P1P3/2N2N2/PP2BPPP/R1BQK2R b KQ -	d2d4 g8f6 c2c4 g7g6 b1c3 f8g7 e2e4 d7d6 g1f3 e8g8 f1e2 e7e5 d4e5	1. d2 d4 2. g8 f6 3. c2 c4 4. g7 g6 5. b1 c3 6. f8 g7 7. e2 e4 8. d7 d6 9. g1 f3 10. e8 g8 11. f1 e2 12. e7 e5 13. d4 e5 
265	E92	King's Indian Defense: Orthodox Variation, Gligoric-Taimanov System	rnbq1rk1/ppp2pbp/3p1np1/4p3/2PPP3/2N1BN2/PP2BPPP/R2QK2R b KQ -	d2d4 g8f6 c2c4 g7g6 b1c3 f8g7 e2e4 d7d6 g1f3 e8g8 f1e2 e7e5 c1e3	1. d2 d4 2. g8 f6 3. c2 c4 4. g7 g6 5. b1 c3 6. f8 g7 7. e2 e4 8. d7 d6 9. g1 f3 10. e8 g8 11. f1 e2 12. e7 e5 13. c1 e3 
266	E92	King's Indian Defense: Orthodox Variation	rnbq1rk1/ppp2pbp/3p1np1/4p3/2PPP3/2N2N2/PP2BPPP/R1BQK2R w KQ -	d2d4 g8f6 c2c4 g7g6 b1c3 f8g7 e2e4 d7d6 g1f3 e8g8 f1e2 e7e5	1. d2 d4 2. g8 f6 3. c2 c4 4. g7 g6 5. b1 c3 6. f8 g7 7. e2 e4 8. d7 d6 9. g1 f3 10. e8 g8 11. f1 e2 12. e7 e5 
267	E92	King's Indian Defense: Petrosian Variation	rnbq1rk1/ppp2pbp/3p1np1/3Pp3/2P1P3/2N2N2/PP2BPPP/R1BQK2R b KQ -	d2d4 g8f6 c2c4 g7g6 b1c3 f8g7 e2e4 d7d6 g1f3 e8g8 f1e2 e7e5 d4d5	1. d2 d4 2. g8 f6 3. c2 c4 4. g7 g6 5. b1 c3 6. f8 g7 7. e2 e4 8. d7 d6 9. g1 f3 10. e8 g8 11. f1 e2 12. e7 e5 13. d4 d5 
268	E92	King's Indian Defense: Petrosian Variation, Stein Defense	rnbq1rk1/1pp2pbp/3p1np1/p2Pp3/2P1P3/2N2N2/PP2BPPP/R1BQK2R w KQ -	d2d4 g8f6 c2c4 g7g6 b1c3 f8g7 e2e4 d7d6 g1f3 e8g8 f1e2 e7e5 d4d5 a7a5	1. d2 d4 2. g8 f6 3. c2 c4 4. g7 g6 5. b1 c3 6. f8 g7 7. e2 e4 8. d7 d6 9. g1 f3 10. e8 g8 11. f1 e2 12. e7 e5 13. d4 d5 14. a7 a5 
269	E93	King's Indian Defense: Petrosian Variation, Keres Defense	r1bq1rk1/pppn1pb1/3p3p/3Pp1pn/2P1P2P/2N2NB1/PP2BPP1/R2QK2R b KQ -	d2d4 g8f6 c2c4 g7g6 b1c3 f8g7 e2e4 d7d6 g1f3 e8g8 f1e2 e7e5 d4d5 b8d7 c1g5 h7h6 g5h4 g6g5 h4g3 f6h5 h2h4	1. d2 d4 2. g8 f6 3. c2 c4 4. g7 g6 5. b1 c3 6. f8 g7 7. e2 e4 8. d7 d6 9. g1 f3 10. e8 g8 11. f1 e2 12. e7 e5 13. d4 d5 14. b8 d7 15. c1 g5 16. h7 h6 17. g5 h4 18. g6 g5 19. h4 g3 20. f6 h5 21. h2 h4 
270	E93	King's Indian Defense: Petrosian Variation, Normal Defense	r1bq1rk1/pppn1pbp/3p1np1/3Pp3/2P1P3/2N2N2/PP2BPPP/R1BQK2R w KQ -	d2d4 g8f6 c2c4 g7g6 b1c3 f8g7 e2e4 d7d6 g1f3 e8g8 f1e2 e7e5 d4d5 b8d7	1. d2 d4 2. g8 f6 3. c2 c4 4. g7 g6 5. b1 c3 6. f8 g7 7. e2 e4 8. d7 d6 9. g1 f3 10. e8 g8 11. f1 e2 12. e7 e5 13. d4 d5 14. b8 d7 
271	E94	King's Indian Defense: Orthodox Variation, Donner Defense	rnbq1rk1/pp3pbp/2pp1np1/4p3/2PPP3/2N2N2/PP2BPPP/R1BQ1RK1 w - -	d2d4 g8f6 c2c4 g7g6 b1c3 f8g7 e2e4 d7d6 g1f3 e8g8 f1e2 e7e5 e1g1 c7c6	1. d2 d4 2. g8 f6 3. c2 c4 4. g7 g6 5. b1 c3 6. f8 g7 7. e2 e4 8. d7 d6 9. g1 f3 10. e8 g8 11. f1 e2 12. e7 e5 13. e1 g1 14. c7 c6 
272	E94	King's Indian Defense: Orthodox Variation, Glek Defense	r1bq1rk1/ppp2pbp/n2p1np1/4p3/2PPP3/2N2N2/PP2BPPP/R1BQ1RK1 w - -	d2d4 g8f6 c2c4 g7g6 b1c3 f8g7 e2e4 d7d6 g1f3 e8g8 f1e2 e7e5 e1g1 b8a6	1. d2 d4 2. g8 f6 3. c2 c4 4. g7 g6 5. b1 c3 6. f8 g7 7. e2 e4 8. d7 d6 9. g1 f3 10. e8 g8 11. f1 e2 12. e7 e5 13. e1 g1 14. b8 a6 
273	E94	King's Indian Defense: Orthodox Variation, Positional Defense, Closed Line	r1bq1rk1/pppn1pbp/3p1np1/3Pp3/2P1P3/2N2N2/PP2BPPP/R1BQ1RK1 b - -	d2d4 g8f6 c2c4 g7g6 b1c3 f8g7 e2e4 d7d6 g1f3 e8g8 f1e2 b8d7 e1g1 e7e5 d4d5	1. d2 d4 2. g8 f6 3. c2 c4 4. g7 g6 5. b1 c3 6. f8 g7 7. e2 e4 8. d7 d6 9. g1 f3 10. e8 g8 11. f1 e2 12. b8 d7 13. e1 g1 14. e7 e5 15. d4 d5 
274	E94	King's Indian Defense: Orthodox Variation, Positional Defense	r1bq1rk1/pppn1pbp/3p1np1/4p3/2PPP3/2N2N2/PP2BPPP/R1BQ1RK1 w - -	d2d4 g8f6 c2c4 d7d6 b1c3 b8d7 e2e4 e7e5 g1f3 g7g6 f1e2 f8g7 e1g1 e8g8	1. d2 d4 2. g8 f6 3. c2 c4 4. d7 d6 5. b1 c3 6. b8 d7 7. e2 e4 8. e7 e5 9. g1 f3 10. g7 g6 11. f1 e2 12. f8 g7 13. e1 g1 14. e8 g8 
275	E94	King's Indian Defense: Orthodox Variation	rnbq1rk1/ppp2pbp/3p1np1/4p3/2PPP3/2N2N2/PP2BPPP/R1BQ1RK1 b - -	d2d4 g8f6 c2c4 g7g6 b1c3 f8g7 e2e4 d7d6 g1f3 e8g8 f1e2 e7e5 e1g1	1. d2 d4 2. g8 f6 3. c2 c4 4. g7 g6 5. b1 c3 6. f8 g7 7. e2 e4 8. d7 d6 9. g1 f3 10. e8 g8 11. f1 e2 12. e7 e5 13. e1 g1 
276	E94	King's Indian Defense: Orthodox Variation, Ukrainian Defense	rnbq1rk1/1pp2pbp/3p1np1/p3p3/2PPP3/2N2N2/PP2BPPP/R1BQ1RK1 w - -	d2d4 g8f6 c2c4 g7g6 b1c3 f8g7 e2e4 d7d6 g1f3 e8g8 f1e2 e7e5 e1g1 a7a5	1. d2 d4 2. g8 f6 3. c2 c4 4. g7 g6 5. b1 c3 6. f8 g7 7. e2 e4 8. d7 d6 9. g1 f3 10. e8 g8 11. f1 e2 12. e7 e5 13. e1 g1 14. a7 a5 
277	E95	King's Indian, Orthodox	r1bq1rk1/pppn1pbp/3p1np1/4p3/2PPP3/2N2N2/PP2BPPP/R1BQR1K1 b - -	d2d4 g8f6 c2c4 g7g6 b1c3 f8g7 e2e4 d7d6 g1f3 e8g8 f1e2 e7e5 e1g1 b8d7 f1e1	1. d2 d4 2. g8 f6 3. c2 c4 4. g7 g6 5. b1 c3 6. f8 g7 7. e2 e4 8. d7 d6 9. g1 f3 10. e8 g8 11. f1 e2 12. e7 e5 13. e1 g1 14. b8 d7 15. f1 e1 
278	E96	King's Indian Defense: Orthodox Variation, Positional Defense, Main Line	r1bq1rk1/1p1n1pbp/2pp1np1/p3p3/2PPP3/2N2N2/PP3PPP/R1BQRBK1 w - -	d2d4 g8f6 c2c4 g7g6 b1c3 f8g7 e2e4 d7d6 g1f3 e8g8 f1e2 e7e5 e1g1 b8d7 f1e1 c7c6 e2f1 a7a5	1. d2 d4 2. g8 f6 3. c2 c4 4. g7 g6 5. b1 c3 6. f8 g7 7. e2 e4 8. d7 d6 9. g1 f3 10. e8 g8 11. f1 e2 12. e7 e5 13. e1 g1 14. b8 d7 15. f1 e1 16. c7 c6 17. e2 f1 18. a7 a5 
279	E97	King's Indian Defense: Orthodox Variation, Aronin-Taimanov Defense	r1bq1rk1/ppp2pbp/2np1np1/4p3/2PPP3/2N2N2/PP2BPPP/R1BQ1RK1 w - -	d2d4 g8f6 c2c4 g7g6 b1c3 f8g7 e2e4 d7d6 g1f3 e8g8 f1e2 e7e5 e1g1 b8c6	1. d2 d4 2. g8 f6 3. c2 c4 4. g7 g6 5. b1 c3 6. f8 g7 7. e2 e4 8. d7 d6 9. g1 f3 10. e8 g8 11. f1 e2 12. e7 e5 13. e1 g1 14. b8 c6 
280	E97	King's Indian Defense: Orthodox Variation, Bayonet Attack	r1bq1rk1/ppp1npbp/3p1np1/3Pp3/1PP1P3/2N2N2/P3BPPP/R1BQ1RK1 b - -	d2d4 g8f6 c2c4 g7g6 b1c3 f8g7 e2e4 d7d6 g1f3 e8g8 f1e2 e7e5 e1g1 b8c6 d4d5 c6e7 b2b4	1. d2 d4 2. g8 f6 3. c2 c4 4. g7 g6 5. b1 c3 6. f8 g7 7. e2 e4 8. d7 d6 9. g1 f3 10. e8 g8 11. f1 e2 12. e7 e5 13. e1 g1 14. b8 c6 15. d4 d5 16. c6 e7 17. b2 b4 
281	E97	King's Indian Defense: Orthodox Variation, Bayonet Attack, Sokolov's Line	r1bq1rk1/ppp1npbp/3p2p1/3Pp2n/1PP1P3/2N2N2/P3BPPP/R1BQR1K1 b - -	g1f3 g8f6 c2c4 g7g6 b1c3 f8g7 e2e4 e8g8 d2d4 d7d6 f1e2 e7e5 e1g1 b8c6 d4d5 c6e7 b2b4 f6h5 f1e1	1. g1 f3 2. g8 f6 3. c2 c4 4. g7 g6 5. b1 c3 6. f8 g7 7. e2 e4 8. e8 g8 9. d2 d4 10. d7 d6 11. f1 e2 12. e7 e5 13. e1 g1 14. b8 c6 15. d4 d5 16. c6 e7 17. b2 b4 18. f6 h5 19. f1 e1 
282	E97	King's Indian Defense: Orthodox Variation, Bayonet Attack, Yepishin's Line	r1bq1rk1/ppp1npbp/3p2p1/3Pp2n/1PP1P3/2N2N2/P1Q1BPPP/R1B2RK1 b - -	d2d4 g8f6 c2c4 g7g6 b1c3 f8g7 e2e4 d7d6 g1f3 e8g8 f1e2 e7e5 e1g1 b8c6 d4d5 c6e7 b2b4 f6h5 d1c2	1. d2 d4 2. g8 f6 3. c2 c4 4. g7 g6 5. b1 c3 6. f8 g7 7. e2 e4 8. d7 d6 9. g1 f3 10. e8 g8 11. f1 e2 12. e7 e5 13. e1 g1 14. b8 c6 15. d4 d5 16. c6 e7 17. b2 b4 18. f6 h5 19. d1 c2 
283	E97	King's Indian Defense: Orthodox Variation, Korchnoi Attack	r1bq1rk1/ppp1npbp/3p1np1/3Pp3/2P1P3/2N2N2/PP1BBPPP/R2Q1RK1 b - -	d2d4 g8f6 c2c4 g7g6 b1c3 f8g7 e2e4 d7d6 g1f3 e8g8 f1e2 e7e5 e1g1 b8c6 d4d5 c6e7 c1d2	1. d2 d4 2. g8 f6 3. c2 c4 4. g7 g6 5. b1 c3 6. f8 g7 7. e2 e4 8. d7 d6 9. g1 f3 10. e8 g8 11. f1 e2 12. e7 e5 13. e1 g1 14. b8 c6 15. d4 d5 16. c6 e7 17. c1 d2 
284	E97	King's Indian Defense: Orthodox Variation, Modern System	r1bq1rk1/ppp1npbp/3p1np1/3Pp3/2P1P3/2N5/PP1NBPPP/R1BQ1RK1 b - -	d2d4 g8f6 c2c4 g7g6 b1c3 f8g7 e2e4 d7d6 g1f3 e8g8 f1e2 e7e5 e1g1 b8c6 d4d5 c6e7 f3d2	1. d2 d4 2. g8 f6 3. c2 c4 4. g7 g6 5. b1 c3 6. f8 g7 7. e2 e4 8. d7 d6 9. g1 f3 10. e8 g8 11. f1 e2 12. e7 e5 13. e1 g1 14. b8 c6 15. d4 d5 16. c6 e7 17. f3 d2 
285	E98	King's Indian Defense: Orthodox Variation, Classical System, Kozul Gambit	r1bq1rk1/pppn2bp/3p2n1/2PPp1p1/4Pp2/2N2P2/PP2BBPP/2RQNRK1 b - -	d2d4 g8f6 c2c4 g7g6 b1c3 f8g7 e2e4 d7d6 g1f3 e8g8 f1e2 e7e5 e1g1 b8c6 d4d5 c6e7 f3e1 f6d7 c1e3 f7f5 f2f3 f5f4 e3f2 g6g5 a1c1 e7g6 c4c5	1. d2 d4 2. g8 f6 3. c2 c4 4. g7 g6 5. b1 c3 6. f8 g7 7. e2 e4 8. d7 d6 9. g1 f3 10. e8 g8 11. f1 e2 12. e7 e5 13. e1 g1 14. b8 c6 15. d4 d5 16. c6 e7 17. f3 e1 18. f6 d7 19. c1 e3 20. f7 f5 21. f2 f3 22. f5 f4 23. e3 f2 24. g6 g5 25. a1 c1 26. e7 g6 27. c4 c5 
286	E98	King's Indian Defense: Orthodox Variation, Classical System, Neo-Classical Line	r1bq1rk1/pppnnpbp/3p2p1/3Pp3/2P1P3/2N1B3/PP2BPPP/R2QNRK1 b - -	d2d4 g8f6 c2c4 g7g6 b1c3 f8g7 e2e4 d7d6 g1f3 e8g8 f1e2 e7e5 e1g1 b8c6 d4d5 c6e7 f3e1 f6d7 c1e3	1. d2 d4 2. g8 f6 3. c2 c4 4. g7 g6 5. b1 c3 6. f8 g7 7. e2 e4 8. d7 d6 9. g1 f3 10. e8 g8 11. f1 e2 12. e7 e5 13. e1 g1 14. b8 c6 15. d4 d5 16. c6 e7 17. f3 e1 18. f6 d7 19. c1 e3 
287	E98	King's Indian Defense: Orthodox Variation, Classical System	r1bq1rk1/ppp1npbp/3p1np1/3Pp3/2P1P3/2N5/PP2BPPP/R1BQNRK1 b - -	d2d4 g8f6 c2c4 g7g6 b1c3 f8g7 e2e4 d7d6 g1f3 e8g8 f1e2 e7e5 e1g1 b8c6 d4d5 c6e7 f3e1	1. d2 d4 2. g8 f6 3. c2 c4 4. g7 g6 5. b1 c3 6. f8 g7 7. e2 e4 8. d7 d6 9. g1 f3 10. e8 g8 11. f1 e2 12. e7 e5 13. e1 g1 14. b8 c6 15. d4 d5 16. c6 e7 17. f3 e1 
288	E99	King's Indian Defense: Orthodox Variation, Classical System, Benko Attack	r1bq1rk1/pppnn1bp/3p2p1/3Ppp2/2P1P1P1/2N2P2/PP2B2P/R1BQNRK1 b - -	d2d4 g8f6 c2c4 g7g6 b1c3 f8g7 e2e4 d7d6 g1f3 e8g8 f1e2 e7e5 e1g1 b8c6 d4d5 c6e7 f3e1 f6d7 f2f3 f7f5 g2g4	1. d2 d4 2. g8 f6 3. c2 c4 4. g7 g6 5. b1 c3 6. f8 g7 7. e2 e4 8. d7 d6 9. g1 f3 10. e8 g8 11. f1 e2 12. e7 e5 13. e1 g1 14. b8 c6 15. d4 d5 16. c6 e7 17. f3 e1 18. f6 d7 19. f2 f3 20. f7 f5 21. g2 g4 
289	E99	King's Indian Defense: Orthodox Variation, Classical System, Traditional Line	r1bq1rk1/pppnn1bp/3p2p1/3Ppp2/2P1P3/2N2P2/PP2B1PP/R1BQNRK1 w - -	d2d4 g8f6 c2c4 g7g6 b1c3 f8g7 e2e4 d7d6 g1f3 e8g8 f1e2 e7e5 e1g1 b8c6 d4d5 c6e7 f3e1 f6d7 f2f3 f7f5	1. d2 d4 2. g8 f6 3. c2 c4 4. g7 g6 5. b1 c3 6. f8 g7 7. e2 e4 8. d7 d6 9. g1 f3 10. e8 g8 11. f1 e2 12. e7 e5 13. e1 g1 14. b8 c6 15. d4 d5 16. c6 e7 17. f3 e1 18. f6 d7 19. f2 f3 20. f7 f5 
